"bps_model_id","severity","avg_fi","percent_of_all_fires","min_fi","max_fi"
"16011_67_68_69_70_71_72_73_74_76_78","Replacement","285","64","",""
"16011_67_68_69_70_71_72_73_74_76_78","Moderate (Mixed)","511","36","",""
"16011_67_68_69_70_71_72_73_74_76_78","Low (Surface)","","","",""
"16011_67_68_69_70_71_72_73_74_76_78","All Fires","183","100","",""
"16012_73_74_75_77_78","Replacement","401","73","",""
"16012_73_74_75_77_78","Moderate (Mixed)","1062","27","",""
"16012_73_74_75_77_78","Low (Surface)","","","",""
"16012_73_74_75_77_78","All Fires","291","100","",""
"16013_68_69_70_72_73_74_76","Replacement","1183","18","",""
"16013_68_69_70_72_73_74_76","Moderate (Mixed)","258","82","",""
"16013_68_69_70_72_73_74_76","Low (Surface)","","","",""
"16013_68_69_70_72_73_74_76","All Fires","212","100","",""
"16030_67_68_69_70_71_72_73_74_75_76_77_78","Replacement","253","60","",""
"16030_67_68_69_70_71_72_73_74_75_76_77_78","Moderate (Mixed)","373","40","",""
"16030_67_68_69_70_71_72_73_74_75_76_77_78","Low (Surface)","","","",""
"16030_67_68_69_70_71_72_73_74_75_76_77_78","All Fires","151","100","",""
"16041_68_69_70_71_72_73_74_75_76_77_78","Replacement","172","59","",""
"16041_68_69_70_71_72_73_74_75_76_77_78","Moderate (Mixed)","251","41","",""
"16041_68_69_70_71_72_73_74_75_76_77_78","Low (Surface)","","","",""
"16041_68_69_70_71_72_73_74_75_76_77_78","All Fires","102","100","",""
"16042_73_74_75_76_77_78","Replacement","219","87","",""
"16042_73_74_75_76_77_78","Moderate (Mixed)","1424","13","",""
"16042_73_74_75_76_77_78","Low (Surface)","","","",""
"16042_73_74_75_76_77_78","All Fires","190","100","",""
"16050_67_68_69_70_71_72_73_74_75_76_77_78_80","Replacement","249","64","",""
"16050_67_68_69_70_71_72_73_74_75_76_77_78_80","Moderate (Mixed)","444","36","",""
"16050_67_68_69_70_71_72_73_74_75_76_77_78_80","Low (Surface)","","","",""
"16050_67_68_69_70_71_72_73_74_75_76_77_78_80","All Fires","160","100","",""
"16061_70_71_73_74_75_76_77_78","Replacement","301","66","",""
"16061_70_71_73_74_75_76_77_78","Moderate (Mixed)","576","34","",""
"16061_70_71_73_74_75_76_77_78","Low (Surface)","","","",""
"16061_70_71_73_74_75_76_77_78","All Fires","198","100","",""
"16062_74","Replacement","253","100","",""
"16062_74","Moderate (Mixed)","","","",""
"16062_74","Low (Surface)","","","",""
"16062_74","All Fires","253","100","",""
"16090_68_69_70_71_72_73_74_75_76_77_78","Replacement","620","100","",""
"16090_68_69_70_71_72_73_74_75_76_77_78","Moderate (Mixed)","","","",""
"16090_68_69_70_71_72_73_74_75_76_77_78","Low (Surface)","","","",""
"16090_68_69_70_71_72_73_74_75_76_77_78","All Fires","620","100","",""
"16091_68_69_70_71_72_73_74_75_76","Replacement","788","100","",""
"16091_68_69_70_71_72_73_74_75_76","Moderate (Mixed)","","","",""
"16091_68_69_70_71_72_73_74_75_76","Low (Surface)","","","",""
"16091_68_69_70_71_72_73_74_75_76","All Fires","788","100","",""
"16101_68_69_70_71_72_73_74_75_76_77","Replacement","201","100","",""
"16101_68_69_70_71_72_73_74_75_76_77","Moderate (Mixed)","","","",""
"16101_68_69_70_71_72_73_74_75_76_77","Low (Surface)","","","",""
"16101_68_69_70_71_72_73_74_75_76_77","All Fires","201","100","",""
"16102_73_74_75_76_77","Replacement","301","100","",""
"16102_73_74_75_76_77","Moderate (Mixed)","","","",""
"16102_73_74_75_76_77","Low (Surface)","","","",""
"16102_73_74_75_76_77","All Fires","301","100","",""
"16110_68_69_70_71_72_73_74_75_76_77_78_80","Replacement","1034","83","",""
"16110_68_69_70_71_72_73_74_75_76_77_78_80","Moderate (Mixed)","5112","17","",""
"16110_68_69_70_71_72_73_74_75_76_77_78_80","Low (Surface)","","","",""
"16110_68_69_70_71_72_73_74_75_76_77_78_80","All Fires","860","100","",""
"16120_70_71_73_74","Replacement","100","100","",""
"16120_70_71_73_74","Moderate (Mixed)","","","",""
"16120_70_71_73_74","Low (Surface)","","","",""
"16120_70_71_73_74","All Fires","100","100","",""
"16130_68","Replacement","","","",""
"16130_68","Moderate (Mixed)","","","",""
"16130_68","Low (Surface)","","","",""
"16130_68","All Fires","","","",""
"16141_68_69_70_71_72_73_74_76_78","Replacement","5952","5","",""
"16141_68_69_70_71_72_73_74_76_78","Moderate (Mixed)","315","95","",""
"16141_68_69_70_71_72_73_74_76_78","Low (Surface)","","","",""
"16141_68_69_70_71_72_73_74_76_78","All Fires","299","100","",""
"16142_73_74_75_76_77_78","Replacement","6702","10","",""
"16142_73_74_75_76_77_78","Moderate (Mixed)","754","90","",""
"16142_73_74_75_76_77_78","Low (Surface)","","","",""
"16142_73_74_75_76_77_78","All Fires","678","100","",""
"16150_68_69_70_71_72_73_74_75_76_77_80","Replacement","4055","6","",""
"16150_68_69_70_71_72_73_74_75_76_77_80","Moderate (Mixed)","280","94","",""
"16150_68_69_70_71_72_73_74_75_76_77_80","Low (Surface)","","","",""
"16150_68_69_70_71_72_73_74_75_76_77_80","All Fires","262","100","",""
"16160_70_71_72_73_74_75_76_77_78_80","Replacement","694","43","",""
"16160_70_71_72_73_74_75_76_77_78_80","Moderate (Mixed)","529","57","",""
"16160_70_71_72_73_74_75_76_77_78_80","Low (Surface)","","","",""
"16160_70_71_72_73_74_75_76_77_78_80","All Fires","300","100","",""
"16180_68_70_71_72_73_74_75_76_77_78","Replacement","","","",""
"16180_68_70_71_72_73_74_75_76_77_78","Moderate (Mixed)","","","",""
"16180_68_70_71_72_73_74_75_76_77_78","Low (Surface)","304","100","",""
"16180_68_70_71_72_73_74_75_76_77_78","All Fires","304","100","",""
"16200_68_69_70_71_72_73_74_75_76_77_78","Replacement",NA,NA,"",""
"16200_68_69_70_71_72_73_74_75_76_77_78","Moderate (Mixed)",NA,NA,"",""
"16200_68_69_70_71_72_73_74_75_76_77_78","Low (Surface)",NA,NA,"",""
"16200_68_69_70_71_72_73_74_75_76_77_78","All Fires",NA,NA,"",""
"16210_68_69_70_71_72_73_74_75_76_77","Replacement","177","78","",""
"16210_68_69_70_71_72_73_74_75_76_77","Moderate (Mixed)","631","22","",""
"16210_68_69_70_71_72_73_74_75_76_77","Low (Surface)","","","",""
"16210_68_69_70_71_72_73_74_75_76_77","All Fires","138","100","",""
"16230_70_71_72_73_74","Replacement","199","75","",""
"16230_70_71_72_73_74","Moderate (Mixed)","594","25","",""
"16230_70_71_72_73_74","Low (Surface)","","","",""
"16230_70_71_72_73_74","All Fires","149","100","",""
"16240_68_69_70_71_72_73_74_75_76_77_78","Replacement","504","100","",""
"16240_68_69_70_71_72_73_74_75_76_77_78","Moderate (Mixed)","","","",""
"16240_68_69_70_71_72_73_74_75_76_77_78","Low (Surface)","","","",""
"16240_68_69_70_71_72_73_74_75_76_77_78","All Fires","504","100","",""
"16281_68_69_70_71_72_73_74_76","Replacement","178","99","",""
"16281_68_69_70_71_72_73_74_76","Moderate (Mixed)","12755","1","",""
"16281_68_69_70_71_72_73_74_76","Low (Surface)","","","",""
"16281_68_69_70_71_72_73_74_76","All Fires","176","100","",""
"16282_67_68_69_70_71_72_73_74_75_76_77","Replacement","3238","100","",""
"16282_67_68_69_70_71_72_73_74_75_76_77","Moderate (Mixed)","","","",""
"16282_67_68_69_70_71_72_73_74_75_76_77","Low (Surface)","","","",""
"16282_67_68_69_70_71_72_73_74_75_76_77","All Fires","3238","100","",""
"16291_68","Replacement","122","100","",""
"16291_68","Moderate (Mixed)","","","",""
"16291_68","Low (Surface)","","","",""
"16291_68","All Fires","122","100","",""
"16292_67_68_69_70_71_72_73_74_76","Replacement","3224","100","",""
"16292_67_68_69_70_71_72_73_74_76","Moderate (Mixed)","","","",""
"16292_67_68_69_70_71_72_73_74_76","Low (Surface)","","","",""
"16292_67_68_69_70_71_72_73_74_76","All Fires","3224","100","",""
"16300_68_69_70_71_72_73_74_75_76_77_78","Replacement","115","87","",""
"16300_68_69_70_71_72_73_74_75_76_77_78","Moderate (Mixed)","773","13","",""
"16300_68_69_70_71_72_73_74_75_76_77_78","Low (Surface)","","","",""
"16300_68_69_70_71_72_73_74_75_76_77_78","All Fires","100","100","",""
"16330_68_69_70_71_73_74_75_76_77_78","Replacement","398","100","",""
"16330_68_69_70_71_73_74_75_76_77_78","Moderate (Mixed)","","","",""
"16330_68_69_70_71_73_74_75_76_77_78","Low (Surface)","","","",""
"16330_68_69_70_71_73_74_75_76_77_78","All Fires","398","100","",""
"16350_68_69_70_71_72_73_74_75_76_77_78","Replacement","","","",""
"16350_68_69_70_71_72_73_74_75_76_77_78","Moderate (Mixed)","","","",""
"16350_68_69_70_71_72_73_74_75_76_77_78","Low (Surface)","","","",""
"16350_68_69_70_71_72_73_74_75_76_77_78","All Fires","","","",""
"16370_68_69_70_71_72_73_74_75_76_77_78_80","Replacement","","","",""
"16370_68_69_70_71_72_73_74_75_76_77_78_80","Moderate (Mixed)","","","",""
"16370_68_69_70_71_72_73_74_75_76_77_78_80","Low (Surface)","","","",""
"16370_68_69_70_71_72_73_74_75_76_77_78_80","All Fires","","","",""
"16380_67_68_69_70_71_72_73_76","Replacement","","","",""
"16380_67_68_69_70_71_72_73_76","Moderate (Mixed)","","","",""
"16380_67_68_69_70_71_72_73_76","Low (Surface)","","","",""
"16380_67_68_69_70_71_72_73_76","All Fires","","","",""
"16390_67_68_69_70_71_72_73_76","Replacement","","","",""
"16390_67_68_69_70_71_72_73_76","Moderate (Mixed)","","","",""
"16390_67_68_69_70_71_72_73_76","Low (Surface)","","","",""
"16390_67_68_69_70_71_72_73_76","All Fires","","","",""
"16400_73_76_80","Replacement","","","",""
"16400_73_76_80","Moderate (Mixed)","","","",""
"16400_73_76_80","Low (Surface)","","","",""
"16400_73_76_80","All Fires","","","",""
"16430_73_74_75_76_77_78","Replacement","","","",""
"16430_73_74_75_76_77_78","Moderate (Mixed)","","","",""
"16430_73_74_75_76_77_78","Low (Surface)","","","",""
"16430_73_74_75_76_77_78","All Fires","","","",""
"16441_73_75_76_77_78_80","Replacement","","","",""
"16441_73_75_76_77_78_80","Moderate (Mixed)","","","",""
"16441_73_75_76_77_78_80","Low (Surface)","","","",""
"16441_73_75_76_77_78_80","All Fires","","","",""
"16442_77_78","Replacement","","","",""
"16442_77_78","Moderate (Mixed)","","","",""
"16442_77_78","Low (Surface)","","","",""
"16442_77_78","All Fires","","","",""
"16443_73_77_78","Replacement","","","",""
"16443_73_77_78","Moderate (Mixed)","","","",""
"16443_73_77_78","Low (Surface)","","","",""
"16443_73_77_78","All Fires","","","",""
"16450_73_74_75_76_77_78_80","Replacement","","","",""
"16450_73_74_75_76_77_78_80","Moderate (Mixed)","","","",""
"16450_73_74_75_76_77_78_80","Low (Surface)","","","",""
"16450_73_74_75_76_77_78_80","All Fires","","","",""
"16460_75_77_78","Replacement","","","",""
"16460_75_77_78","Moderate (Mixed)","","","",""
"16460_75_77_78","Low (Surface)","","","",""
"16460_75_77_78","All Fires","","","",""
"16470_73_74_75_76_77_78_80","Replacement","","","",""
"16470_73_74_75_76_77_78_80","Moderate (Mixed)","","","",""
"16470_73_74_75_76_77_78_80","Low (Surface)","","","",""
"16470_73_74_75_76_77_78_80","All Fires","","","",""
"16481_75_77","Replacement","1284","80","",""
"16481_75_77","Moderate (Mixed)","5198","20","",""
"16481_75_77","Low (Surface)","","","",""
"16481_75_77","All Fires","1029","100","",""
"16482_78","Replacement","","","",""
"16482_78","Moderate (Mixed)","","","",""
"16482_78","Low (Surface)","","","",""
"16482_78","All Fires","","","",""
"16510_72_76_80","Replacement","","","",""
"16510_72_76_80","Moderate (Mixed)","","","",""
"16510_72_76_80","Low (Surface)","","","",""
"16510_72_76_80","All Fires","","","",""
"16520_73_74_75_76_77_78_80","Replacement","","","",""
"16520_73_74_75_76_77_78_80","Moderate (Mixed)","","","",""
"16520_73_74_75_76_77_78_80","Low (Surface)","","","",""
"16520_73_74_75_76_77_78_80","All Fires","","","",""
"16530_75_77_78","Replacement","","","",""
"16530_75_77_78","Moderate (Mixed)","","","",""
"16530_75_77_78","Low (Surface)","","","",""
"16530_75_77_78","All Fires","","","",""
"16550_75_76_77_78_80","Replacement","","","",""
"16550_75_76_77_78_80","Moderate (Mixed)","","","",""
"16550_75_76_77_78_80","Low (Surface)","","","",""
"16550_75_76_77_78_80","All Fires","","","",""
"16560_75_76_77_78","Replacement","","","",""
"16560_75_76_77_78","Moderate (Mixed)","","","",""
"16560_75_76_77_78","Low (Surface)","","","",""
"16560_75_76_77_78","All Fires","","","",""
"16570_75_77_78","Replacement","","","",""
"16570_75_77_78","Moderate (Mixed)","","","",""
"16570_75_77_78","Low (Surface)","","","",""
"16570_75_77_78","All Fires","","","",""
"16610_73_74_75_76_77_78_80","Replacement","","","",""
"16610_73_74_75_76_77_78_80","Moderate (Mixed)","","","",""
"16610_73_74_75_76_77_78_80","Low (Surface)","","","",""
"16610_73_74_75_76_77_78_80","All Fires","","","",""
"16620_73_75_77_78","Replacement","","","",""
"16620_73_75_77_78","Moderate (Mixed)","","","",""
"16620_73_75_77_78","Low (Surface)","","","",""
"16620_73_75_77_78","All Fires","","","",""
"16630_73_74_75_76_77_78","Replacement","","","",""
"16630_73_74_75_76_77_78","Moderate (Mixed)","","","",""
"16630_73_74_75_76_77_78","Low (Surface)","","","",""
"16630_73_74_75_76_77_78","All Fires","","","",""
"16650_73_75_76_77_78_80","Replacement","","","",""
"16650_73_75_76_77_78_80","Moderate (Mixed)","","","",""
"16650_73_75_76_77_78_80","Low (Surface)","","","",""
"16650_73_75_76_77_78_80","All Fires","","","",""
"16680_73_75_76_77_78_80","Replacement","","","",""
"16680_73_75_76_77_78_80","Moderate (Mixed)","","","",""
"16680_73_75_76_77_78_80","Low (Surface)","","","",""
"16680_73_75_76_77_78_80","All Fires","","","",""
"16760_75_77_78","Replacement","","","",""
"16760_75_77_78","Moderate (Mixed)","","","",""
"16760_75_77_78","Low (Surface)","","","",""
"16760_75_77_78","All Fires","","","",""
"16780_75_77","Replacement","1008","80","",""
"16780_75_77","Moderate (Mixed)","3912","20","",""
"16780_75_77","Low (Surface)","","","",""
"16780_75_77","All Fires","802","100","",""
"16790_73_74_75_76_77_78_80","Replacement","712","86","",""
"16790_73_74_75_76_77_78_80","Moderate (Mixed)","4529","14","",""
"16790_73_74_75_76_77_78_80","Low (Surface)","","","",""
"16790_73_74_75_76_77_78_80","All Fires","615","100","",""
"16800_74_75_77_78","Replacement","","","",""
"16800_74_75_77_78","Moderate (Mixed)","","","",""
"16800_74_75_77_78","Low (Surface)","","","",""
"16800_74_75_77_78","All Fires","","","",""
"16810_73_75_76_77_78","Replacement","","","",""
"16810_73_75_76_77_78","Moderate (Mixed)","","","",""
"16810_73_75_76_77_78","Low (Surface)","","","",""
"16810_73_75_76_77_78","All Fires","","","",""
"16821_68","Replacement","559","100","",""
"16821_68","Moderate (Mixed)","","","",""
"16821_68","Low (Surface)","","","",""
"16821_68","All Fires","559","100","",""
"16822_67_68_69_70_71_72_73_74_76","Replacement","252","100","",""
"16822_67_68_69_70_71_72_73_74_76","Moderate (Mixed)","","","",""
"16822_67_68_69_70_71_72_73_74_76","Low (Surface)","","","",""
"16822_67_68_69_70_71_72_73_74_76","All Fires","252","100","",""
"16831_68","Replacement","253","100","",""
"16831_68","Moderate (Mixed)","","","",""
"16831_68","Low (Surface)","","","",""
"16831_68","All Fires","253","100","",""
"16832_67_68_69","Replacement","3322","100","",""
"16832_67_68_69","Moderate (Mixed)","","","",""
"16832_67_68_69","Low (Surface)","","","",""
"16832_67_68_69","All Fires","3322","100","",""
"16850_67_68_69_70_71_72_73_76","Replacement","","","",""
"16850_67_68_69_70_71_72_73_76","Moderate (Mixed)","","","",""
"16850_67_68_69_70_71_72_73_76","Low (Surface)","","","",""
"16850_67_68_69_70_71_72_73_76","All Fires","","","",""
"16870_67_68_69_70_71_72_73_74_75_76_77","Replacement","","","",""
"16870_67_68_69_70_71_72_73_74_75_76_77","Moderate (Mixed)","","","",""
"16870_67_68_69_70_71_72_73_74_75_76_77","Low (Surface)","","","",""
"16870_67_68_69_70_71_72_73_74_75_76_77","All Fires","","","",""
"16880_67_68_69_70_71_72_73_74_76","Replacement","","","",""
"16880_67_68_69_70_71_72_73_74_76","Moderate (Mixed)","","","",""
"16880_67_68_69_70_71_72_73_74_76","Low (Surface)","","","",""
"16880_67_68_69_70_71_72_73_74_76","All Fires","","","",""
"16901_68","Replacement","247","100","",""
"16901_68","Moderate (Mixed)","","","",""
"16901_68","Low (Surface)","","","",""
"16901_68","All Fires","247","100","",""
"16902_67_68_69_70_71_72_73_74_75_76_77","Replacement","1019","100","",""
"16902_67_68_69_70_71_72_73_74_75_76_77","Moderate (Mixed)","","","",""
"16902_67_68_69_70_71_72_73_74_75_76_77","Low (Surface)","","","",""
"16902_67_68_69_70_71_72_73_74_75_76_77","All Fires","1019","100","",""
"16970_67_68_69_70_71_72_76","Replacement","","","",""
"16970_67_68_69_70_71_72_76","Moderate (Mixed)","","","",""
"16970_67_68_69_70_71_72_76","Low (Surface)","","","",""
"16970_67_68_69_70_71_72_76","All Fires","","","",""
"16990_67_68_69_70_71_72_73_76","Replacement","","","",""
"16990_67_68_69_70_71_72_73_76","Moderate (Mixed)","","","",""
"16990_67_68_69_70_71_72_73_76","Low (Surface)","","","",""
"16990_67_68_69_70_71_72_73_76","All Fires","","","",""
"17010_67_68_72","Replacement","","","",""
"17010_67_68_72","Moderate (Mixed)","","","",""
"17010_67_68_72","Low (Surface)","","","",""
"17010_67_68_72","All Fires","","","",""
"17020_67_68_69_70_72_73_76","Replacement","","","",""
"17020_67_68_69_70_72_73_76","Moderate (Mixed)","","","",""
"17020_67_68_69_70_72_73_76","Low (Surface)","","","",""
"17020_67_68_69_70_72_73_76","All Fires","","","",""
"17040_68_72","Replacement","498","100","",""
"17040_68_72","Moderate (Mixed)","","","",""
"17040_68_72","Low (Surface)","","","",""
"17040_68_72","All Fires","498","100","",""
"17060_67_68_69_70_71_72_73_76","Replacement","","","",""
"17060_67_68_69_70_71_72_73_76","Moderate (Mixed)","","","",""
"17060_67_68_69_70_71_72_73_76","Low (Surface)","","","",""
"17060_67_68_69_70_71_72_73_76","All Fires","","","",""
"17080_67_68_69","Replacement","","","",""
"17080_67_68_69","Moderate (Mixed)","","","",""
"17080_67_68_69","Low (Surface)","","","",""
"17080_67_68_69","All Fires","","","",""
"17090_67_68_72_76_80","Replacement","","","",""
"17090_67_68_72_76_80","Moderate (Mixed)","","","",""
"17090_67_68_72_76_80","Low (Surface)","","","",""
"17090_67_68_72_76_80","All Fires","","","",""
"17110_67_68_72","Replacement","","","",""
"17110_67_68_72","Moderate (Mixed)","","","",""
"17110_67_68_72","Low (Surface)","","","",""
"17110_67_68_72","All Fires","","","",""
"17130_67_68_72_76","Replacement","","","",""
"17130_67_68_72_76","Moderate (Mixed)","","","",""
"17130_67_68_72_76","Low (Surface)","","","",""
"17130_67_68_72_76","All Fires","","","",""
"17140_67_68_69_72_76","Replacement","","","",""
"17140_67_68_69_72_76","Moderate (Mixed)","","","",""
"17140_67_68_69_72_76","Low (Surface)","","","",""
"17140_67_68_69_72_76","All Fires","","","",""
"17150_67_68_69_72","Replacement","","","",""
"17150_67_68_69_72","Moderate (Mixed)","","","",""
"17150_67_68_69_72","Low (Surface)","","","",""
"17150_67_68_69_72","All Fires","","","",""
"17200_72_73_76_80","Replacement","","","",""
"17200_72_73_76_80","Moderate (Mixed)","","","",""
"17200_72_73_76_80","Low (Surface)","","","",""
"17200_72_73_76_80","All Fires","","","",""
"17220_68_69_70_71_72_73_74_75_76_77_78","Replacement","","","",""
"17220_68_69_70_71_72_73_74_75_76_77_78","Moderate (Mixed)","","","",""
"17220_68_69_70_71_72_73_74_75_76_77_78","Low (Surface)","","","",""
"17220_68_69_70_71_72_73_74_75_76_77_78","All Fires","","","",""
