bps_model_id,class,max_height_ft,max_diameter_in
10080_1_2_3_7,A,NA,9
10080_1_2_3_7,B,NA,33
10080_1_2_3_7,C,NA,33
10090_19,A,NA,5
10090_19,B,NA,33
10090_19,C,NA,33
10110_15,A,4.5,NA
10110_15,B,NA,9
10110_15,C,NA,33
10110_16_23_24,A,4.5,NA
10110_16_23_24,B,NA,5
10110_16_23_24,C,NA,21
10110_16_23_24,D,NA,33
10110_16_23_24,E,NA,33
10110_20_29,A,4.5,NA
10110_20_29,B,NA,9
10110_20_29,C,NA,21
10110_20_29,D,NA,21
10110_20_29,E,NA,33
10110_21,A,4.5,NA
10110_21,B,NA,9
10110_21,C,NA,21
10110_21,D,NA,21
10110_21,E,NA,33
10110_22,A,NA,5
10110_22,B,NA,9
10110_22,C,NA,21
10110_27,A,4.5,NA
10110_27,B,NA,9
10110_27,C,NA,33
10110_28,A,4.5,NA
10110_28,B,NA,9
10110_28,C,NA,33
10110_6_10_12_17_18_19,A,NA,5
10110_6_10_12_17_18_19,B,NA,21
10110_6_10_12_17_18_19,C,NA,21
10110_6_10_12_17_18_19,D,NA,21
10110_7,A,4.5,NA
10110_7,B,NA,5
10110_7,C,NA,21
10110_7,D,NA,33
10110_7,E,NA,33
10110_9,A,4.5,NA
10110_9,B,NA,5
10110_9,C,NA,21
10110_9,D,NA,33
10110_9,E,NA,33
10120_16_27,A,NA,NA
10120_16_27,B,NA,NA
10120_16_27,C,NA,NA
10120_17_18_21,A,NA,NA
10120_17_18_21,B,NA,NA
10120_17_18_21,C,NA,NA
10130_31_38_39_40,A,NA,9
10130_31_38_39_40,B,NA,33
10130_31_38_39_40,C,NA,33
10130_31_38_39_40,D,NA,33
10140_4_5,A,NA,9
10140_4_5,B,NA,21
10140_4_5,C,NA,33
10150_2_3_4,A,NA,5
10150_2_3_4,B,NA,33
10150_2_3_4,C,NA,33
10160_13_14,A,NA,NA
10160_13_14,B,NA,NA
10160_13_14,C,NA,9
10160_13_14,D,NA,33
10160_15_28,A,4.5,NA
10160_15_28,B,NA,9
10160_15_28,C,NA,9
10160_15_28,D,NA,21
10160_15_28,E,NA,21
10160_16_23_24_25,A,NA,NA
10160_16_23_24_25,B,NA,9
10160_16_23_24_25,C,NA,9
10160_16_23_24_25,D,NA,21
10160_16_23_24_25,E,NA,21
10160_17,A,NA,NA
10160_17,B,NA,9
10160_17,C,NA,9
10160_17,D,NA,21
10160_17,E,NA,21
10160_22,A,NA,NA
10160_22,B,NA,9
10160_22,C,NA,21
10170_6_7_8_9_12_18,A,NA,NA
10170_6_7_8_9_12_18,B,NA,9
10170_6_7_8_9_12_18,C,NA,21
10170_6_7_8_9_12_18,D,NA,33
10170_6_7_8_9_12_18,E,NA,33
10180_1_7,A,NA,5
10180_1_7,B,NA,21
10180_1_7,C,NA,21
10180_1_7,D,NA,33
10180_1_7,E,NA,33
10190_13_14,A,NA,NA
10190_13_14,B,NA,NA
10190_13_14,C,NA,9
10190_13_14,D,NA,33
10190_15,A,NA,NA
10190_15,B,NA,NA
10190_15,C,NA,9
10190_15,D,NA,NA
10190_4,A,NA,NA
10190_4,B,NA,NA
10190_4,C,NA,9
10190_4,D,NA,33
10190_4,E,NA,33
10190_6_7_9_12_16_17_18_19,A,NA,NA
10190_6_7_9_12_16_17_18_19,B,NA,9
10190_6_7_9_12_16_17_18_19,C,NA,33
10190_6_7_9_12_16_17_18_19,D,NA,33
10200_13,NA,NA,NA
10200_6_9_12_17,A,NA,5
10200_6_9_12_17,B,NA,9
10200_6_9_12_17,C,NA,33
10210_2_3_6_7,A,NA,9
10210_2_3_6_7,B,NA,33
10210_2_3_6_7,C,NA,33
10210_2_3_6_7,D,NA,33
10210_2_3_6_7,E,NA,33
10220_2_3_6_7,A,NA,9
10220_2_3_6_7,B,NA,33
10220_2_3_6_7,C,NA,33
10220_2_3_6_7,D,NA,33
10220_2_3_6_7,E,NA,33
10230_14_15_24_25,A,4.5,NA
10230_14_15_24_25,B,NA,9
10230_14_15_24_25,C,NA,21
10230_14_15_24_25,D,NA,33
10240_14_15_24,A,4.5,NA
10240_14_15_24,B,NA,9
10240_14_15_24,C,NA,21
10240_14_15_24,D,NA,33
10240_25_27,A,4.5,NA
10240_25_27,B,NA,9
10240_25_27,C,NA,21
10240_25_27,D,NA,33
10240_26,A,4.5,NA
10240_26,B,NA,9
10240_26,C,NA,33
10250_14_15_24_25_26,A,NA,NA
10250_14_15_24_25_26,B,NA,9
10250_14_15_24_25_26,C,NA,21
10260_15,A,NA,9
10260_15,B,NA,21
10260_15,C,NA,21
10260_15,D,NA,33
10260_15,E,NA,33
10270_2_3_7,A,NA,9
10270_2_3_7,B,NA,33
10270_2_3_7,C,NA,33
10270_2_3_7,D,NA,33
10270_2_3_7,E,NA,33
10270_4_5_6,A,NA,9
10270_4_5_6,B,NA,21
10270_4_5_6,C,NA,21
10270_4_5_6,D,NA,33
10270_4_5_6,E,NA,33
10280_2_3,A,NA,9
10280_2_3,B,NA,33
10280_2_3,C,NA,33
10280_2_3,D,NA,33
10280_2_3,E,NA,33
10280_4_6_7_12,A,NA,9
10280_4_6_7_12,B,NA,21
10280_4_6_7_12,C,NA,21
10280_4_6_7_12,D,NA,33
10280_4_6_7_12,E,NA,33
10290_2_3_4_5_6_7_12,A,NA,5
10290_2_3_4_5_6_7_12,B,NA,21
10290_2_3_4_5_6_7_12,C,NA,21
10290_2_3_4_5_6_7_12,D,NA,33
10290_2_3_4_5_6_7_12,E,NA,33
10300_2_3_4_5_6_7,A,NA,9
10300_2_3_4_5_6_7,B,NA,33
10300_2_3_4_5_6_7,C,NA,33
10310_2_3_4_5_6_12,A,NA,9
10310_2_3_4_5_6_12,B,NA,21
10310_2_3_4_5_6_12,C,NA,21
10310_2_3_4_5_6_12,D,NA,33
10310_2_3_4_5_6_12,E,NA,33
10310_7,A,4.5,NA
10310_7,B,NA,9
10310_7,C,NA,21
10310_7,D,NA,33
10310_7,E,NA,33
10320_2_3_7,A,NA,5
10320_2_3_7,B,NA,33
10320_2_3_7,C,NA,33
10320_2_3_7,D,NA,33
10320_2_3_7,E,NA,33
10321_6,A,NA,5
10321_6,B,NA,21
10321_6,C,NA,21
10321_6,D,NA,33
10321_6,E,NA,33
10322_6,A,NA,5
10322_6,B,NA,9
10322_6,C,NA,9
10322_6,D,NA,21
10322_6,E,NA,21
10330_12,A,NA,5
10330_12,B,NA,33
10330_12,C,NA,33
10330_3_6_7,A,NA,5
10330_3_6_7,B,NA,9
10330_3_6_7,C,NA,33
10340_4_6_7,A,NA,9
10340_4_6_7,B,NA,33
10340_4_6_7,C,NA,33
10350_1_2_7,A,NA,5
10350_1_2_7,B,NA,9
10350_1_2_7,C,NA,9
10350_1_2_7,D,NA,33
10350_1_2_7,E,NA,33
10360_1_2,A,NA,5
10360_1_2,B,NA,21
10360_1_2,C,NA,9
10360_1_2,D,NA,33
10360_1_2,E,NA,33
10370_1_2_7,A,NA,5
10370_1_2_7,B,NA,21
10370_1_2_7,C,NA,21
10370_1_2_7,D,NA,33
10370_1_2_7,E,NA,33
10380_1_7,A,NA,NA
10380_1_7,B,NA,21
10390_1_2_3_7,A,NA,5
10390_1_2_3_7,B,NA,21
10390_1_2_3_7,C,NA,21
10390_1_2_3_7,D,NA,33
10390_1_2_3_7,E,NA,33
10411_1_7,A,NA,9
10411_1_7,B,NA,21
10411_1_7,C,NA,21
10411_1_7,D,NA,33
10411_1_7,E,NA,33
10412_1_7,A,4.5,NA
10412_1_7,B,NA,21
10412_1_7,C,NA,21
10412_1_7,D,NA,33
10412_1_7,E,NA,33
10420_1_7,A,NA,9
10420_1_7,B,NA,33
10420_1_7,C,NA,33
10420_1_7,D,NA,33
10420_1_7,E,NA,33
10430_5,A,NA,NA
10430_5,B,NA,21
10430_5,C,NA,33
10431_2_3_6_7,A,NA,9
10431_2_3_6_7,B,NA,21
10431_2_3_6_7,C,NA,21
10431_2_3_6_7,D,NA,33
10431_2_3_6_7,E,NA,33
10432_2_3,A,NA,9
10432_2_3,B,NA,21
10432_2_3,C,NA,21
10432_2_3,D,NA,33
10432_2_3,E,NA,33
10440_3_6_7,A,4.5,NA
10440_3_6_7,B,NA,21
10440_3_6_7,C,NA,21
10440_3_6_7,D,NA,33
10440_3_6_7,E,NA,33
10450_1_7_8_9,A,NA,5
10450_1_7_8_9,B,NA,21
10450_1_7_8_9,C,NA,21
10450_1_7_8_9,D,NA,33
10450_1_7_8_9,E,NA,33
10450_21,A,NA,5
10450_21,B,NA,9
10450_21,C,NA,21
10450_21,D,NA,33
10450_21,E,NA,33
10451_10_19,A,NA,5
10451_10_19,B,NA,21
10451_10_19,C,NA,21
10451_10_19,D,NA,33
10451_10_19,E,NA,33
10451_20,A,NA,5
10451_20,B,NA,9
10451_20,C,NA,21
10451_20,D,NA,33
10451_20,E,NA,33
10452_10_19,A,NA,5
10452_10_19,B,NA,21
10452_10_19,C,NA,21
10452_10_19,D,NA,33
10452_10_19,E,NA,33
10453_10_19,A,NA,5
10453_10_19,B,NA,21
10453_10_19,C,NA,21
10453_10_19,D,NA,33
10453_10_19,E,NA,33
10454_20,A,4.5,NA
10454_20,B,NA,9
10454_20,C,NA,9
10454_20,D,NA,21
10454_20,E,NA,21
10460_10_19_20,A,NA,5
10460_10_19_20,B,NA,9
10460_10_19_20,C,NA,9
10460_10_19_20,D,NA,21
10460_10_19_20,E,NA,21
10460_18,A,4.5,NA
10460_18,B,NA,9
10460_18,C,NA,21
10460_18,D,NA,33
10460_1_7_9,A,NA,33
10460_1_7_9,B,NA,NA
10460_1_7_9,C,NA,33
10460_21,A,NA,5
10460_21,B,NA,9
10460_21,C,NA,9
10460_21,D,NA,21
10460_21,E,NA,21
10470_10_19,A,NA,5
10470_10_19,B,NA,21
10470_10_19,C,NA,21
10470_10_19,D,NA,33
10470_10_19,E,NA,33
10470_8_9,A,NA,5
10470_8_9,B,NA,21
10470_8_9,C,NA,21
10470_8_9,D,NA,33
10470_8_9,E,NA,33
10472_10_19,A,NA,5
10472_10_19,B,NA,9
10472_10_19,C,NA,9
10472_10_19,D,NA,33
10472_10_19,E,NA,33
10480_29,A,NA,5
10480_29,B,NA,21
10480_29,C,NA,21
10480_29,D,NA,33
10480_29,E,NA,33
10490_16_22,A,4.5,NA
10490_16_22,B,NA,9
10490_16_22,C,NA,21
10490_19_20_21_23_28_29,A,4.5,NA
10490_19_20_21_23_28_29,B,NA,5
10490_19_20_21_23_28_29,C,NA,21
10500_16_23_28,A,NA,NA
10500_16_23_28,B,NA,9
10500_16_23_28,C,NA,21
10500_18,A,NA,5
10500_18,B,NA,9
10500_18,C,NA,21
10500_22,A,NA,5
10500_22,B,NA,9
10500_22,C,NA,21
10510_15_16_17_22_23_24_25,A,NA,5
10510_15_16_17_22_23_24_25,B,NA,9
10510_15_16_17_22_23_24_25,C,NA,9
10510_15_16_17_22_23_24_25,D,NA,33
10510_15_16_17_22_23_24_25,E,NA,33
10510_18_21,A,4.5,NA
10510_18_21,B,NA,9
10510_18_21,C,NA,9
10510_18_21,D,NA,33
10510_18_21,E,NA,33
10510_27,A,NA,5
10510_27,B,NA,9
10510_27,C,NA,9
10510_27,D,NA,33
10510_27,E,NA,33
10510_28,A,4.5,NA
10510_28,B,NA,21
10510_28,C,NA,21
10510_28,D,NA,33
10510_28,E,NA,33
10510_29,A,NA,5
10510_29,B,NA,9
10510_29,C,NA,9
10510_29,D,NA,33
10510_29,E,NA,33
10510_6,A,NA,5
10510_6,B,NA,9
10510_6,C,NA,9
10510_6,D,NA,33
10510_6,E,NA,33
10520_12,A,4.5,NA
10520_12,B,NA,21
10520_12,C,NA,21
10520_12,D,NA,33
10520_12,E,NA,33
10520_13,A,4.5,NA
10520_13,B,NA,21
10520_13,C,NA,21
10520_13,D,NA,33
10520_13,E,NA,33
10520_15,A,4.5,NA
10520_15,B,NA,21
10520_15,C,NA,21
10520_15,D,NA,33
10520_15,E,NA,33
10520_16_23_24,A,4.5,NA
10520_16_23_24,B,NA,21
10520_16_23_24,C,NA,21
10520_16_23_24,D,NA,33
10520_16_23_24,E,NA,33
10520_17,A,4.5,NA
10520_17,B,NA,21
10520_17,C,NA,21
10520_17,D,NA,33
10520_17,E,NA,33
10520_18,A,4.5,NA
10520_18,B,NA,21
10520_18,C,NA,21
10520_18,D,NA,33
10520_18,E,NA,33
10520_21,A,4.5,NA
10520_21,B,NA,21
10520_21,C,NA,21
10520_21,D,NA,33
10520_21,E,NA,33
10520_25,A,4.5,NA
10520_25,B,NA,21
10520_25,C,NA,21
10520_25,D,NA,33
10520_25,E,NA,33
10520_27,A,4.5,NA
10520_27,B,NA,21
10520_27,C,NA,21
10520_27,D,NA,33
10520_27,E,NA,33
10520_28,A,NA,5
10520_28,B,NA,21
10520_28,C,NA,21
10520_28,D,NA,NA
10520_28,E,NA,33
10530_10_19,A,NA,5
10530_10_19,B,NA,21
10530_10_19,C,NA,21
10530_10_19,D,NA,33
10530_10_19,E,NA,33
10531_1_7_8_9,A,NA,5
10531_1_7_8_9,B,NA,20
10531_1_7_8_9,C,NA,20
10531_1_7_8_9,D,NA,20
10531_1_7_8_9,E,NA,20
10532_7_9,A,NA,5
10532_7_9,B,NA,21
10532_7_9,C,NA,21
10532_7_9,D,NA,33
10532_7_9,E,NA,33
10540_13_14,A,NA,9
10540_13_14,B,NA,21
10540_13_14,C,NA,21
10540_13_14,D,NA,33
10540_13_14,E,NA,33
10540_15_25,A,NA,NA
10540_15_25,B,NA,21
10540_15_25,C,NA,21
10540_15_25,D,NA,21
10540_15_25,E,NA,33
10540_16_23_24,A,NA,9
10540_16_23_24,B,NA,21
10540_16_23_24,C,NA,21
10540_16_23_24,D,NA,33
10540_16_23_24,E,NA,33
10540_17,A,NA,9
10540_17,B,NA,21
10540_17,C,NA,21
10540_17,D,NA,33
10540_17,E,NA,33
10540_20,A,NA,NA
10540_20,B,NA,9
10540_20,C,NA,9
10540_20,D,NA,33
10540_20,E,NA,21
10540_22,A,NA,5
10540_22,B,NA,5
10540_22,C,NA,21
10540_22,D,NA,33
10540_22,E,NA,33
10540_26,A,NA,NA
10540_26,B,NA,21
10540_26,C,NA,21
10540_26,D,NA,21
10540_26,E,NA,33
10540_28,A,NA,9
10540_28,B,NA,21
10540_28,C,NA,21
10540_28,D,NA,33
10540_28,E,NA,33
10540_29,A,4.5,NA
10540_29,B,NA,9
10540_29,C,NA,9
10540_29,D,NA,33
10540_29,E,NA,21
10540_33,A,NA,9
10540_33,B,NA,21
10540_33,C,NA,21
10540_33,D,NA,33
10540_33,E,NA,33
10541_27,A,4.5,NA
10541_27,B,NA,21
10541_27,C,NA,21
10541_27,D,NA,33
10541_27,E,NA,33
10542_27,A,NA,9
10542_27,B,NA,21
10542_27,C,NA,21
10542_27,D,NA,33
10542_27,E,NA,33
10550_10_19,A,NA,5
10550_10_19,B,NA,21
10550_10_19,C,NA,21
10550_10_19,D,NA,33
10550_10_19,E,NA,33
10550_15_28,A,NA,9
10550_15_28,B,NA,21
10550_15_28,C,NA,21
10550_15_28,D,NA,33
10550_15_28,E,NA,33
10550_16_23_24,A,NA,5
10550_16_23_24,B,NA,21
10550_16_23_24,C,NA,21
10550_16_23_24,D,NA,33
10550_17,A,NA,5
10550_17,B,NA,21
10550_17,C,NA,21
10550_17,D,NA,33
10550_18,A,NA,5
10550_18,B,NA,21
10550_18,C,NA,21
10550_18,D,NA,33
10550_1_8_9,A,NA,NA
10550_1_8_9,B,NA,21
10550_1_8_9,C,NA,21
10550_1_8_9,D,NA,33
10550_1_8_9,E,NA,33
10550_20,A,NA,5
10550_20,B,NA,9
10550_20,C,NA,21
10550_20,D,NA,33
10550_21_22,A,NA,5
10550_21_22,B,NA,9
10550_21_22,C,NA,21
10550_21_22,D,NA,33
10550_27,A,NA,9
10550_27,B,NA,21
10550_27,C,NA,21
10550_27,D,NA,33
10550_27,E,NA,33
10550_29,A,4.5,NA
10550_29,B,NA,5
10550_29,C,NA,9
10550_29,D,NA,21
10550_29,E,NA,9
10560_10_19,A,NA,5
10560_10_19,B,NA,9
10560_10_19,C,NA,9
10560_10_19,D,NA,33
10560_15_28,A,NA,9
10560_15_28,B,NA,21
10560_15_28,C,NA,21
10560_15_28,D,NA,33
10560_15_28,E,NA,33
10560_16_23,A,NA,5
10560_16_23,B,NA,21
10560_16_23,C,NA,21
10560_16_23,D,NA,33
10560_18,A,NA,5
10560_18,B,NA,21
10560_18,C,NA,21
10560_18,D,NA,33
10560_1_7_8_9,A,NA,5
10560_1_7_8_9,B,NA,15
10560_1_7_8_9,C,NA,9
10560_1_7_8_9,D,NA,21
10560_1_7_8_9,E,NA,33
10560_20,A,NA,5
10560_20,B,NA,9
10560_20,C,NA,9
10560_20,D,NA,21
10560_20,E,NA,21
10560_21_22,NA,NA,NA
10560_29,A,NA,5
10560_29,B,NA,9
10560_29,C,NA,9
10560_29,D,NA,33
10560_29,E,NA,33
10570_12_16,NA,NA,NA
10570_18,A,NA,5
10570_18,B,NA,9
10570_18,C,NA,33
10570_23,NA,NA,NA
10570_28,NA,NA,NA
10570_29,NA,NA,NA
10580_12,A,NA,5
10580_12,B,NA,21
10580_12,C,NA,21
10580_12,D,NA,33
10580_12,E,NA,33
10580_4,A,4.5,NA
10580_4,B,NA,21
10580_4,C,NA,21
10580_4,D,NA,33
10580_4,E,NA,33
10580_7,A,4.5,NA
10580_7,B,NA,9
10580_7,C,NA,21
10581_6,A,NA,NA
10581_6,B,NA,NA
10581_6,C,NA,NA
10581_6,D,NA,NA
10581_6,E,NA,NA
10582_6,A,4.5,NA
10582_6,B,NA,21
10582_6,C,NA,21
10582_6,D,NA,33
10582_6,E,NA,33
10590_24_28,NA,NA,NA
10590_25,NA,NA,NA
10590_26,A,NA,NA
10590_26,B,NA,9
10590_26,C,NA,21
10590_26,D,NA,NA
10590_27_33,NA,NA,NA
10600_1_2_7,A,NA,9
10600_1_2_7,B,NA,21
10600_1_2_7,C,NA,21
10600_1_2_7,D,NA,33
10600_1_2_7,E,NA,33
10610_13,NA,NA,NA
10610_15_25,A,NA,5
10610_15_25,B,NA,9
10610_15_25,C,NA,21
10610_15_25,D,NA,21
10610_15_25,E,NA,33
10610_18,A,NA,5
10610_18,B,NA,9
10610_18,C,NA,9
10610_18,D,NA,21
10610_18,E,NA,33
10610_20_29,NA,NA,NA
10610_22_27_28,NA,NA,NA
10610_6,A,NA,5
10610_6,B,NA,NA
10610_6,C,NA,21
10610_6,D,NA,33
10610_8_9_17,NA,NA,NA
10611_16_23_24,NA,NA,NA
10612_16_23,NA,NA,NA
10620_10_19_21_29_31,NA,NA,NA
10620_13,NA,NA,NA
10620_16_23,A,4.5,NA
10620_16_23,B,NA,5
10620_16_23,C,NA,5
10620_16_23,D,NA,21
10620_16_23,E,NA,21
10620_22_28,A,NA,NA
10620_22_28,B,NA,NA
10620_22_28,C,NA,NA
10620_22_28,D,NA,21
10620_6_12_17_18,A,4.5,NA
10620_6_12_17_18,B,NA,5
10620_6_12_17_18,C,NA,5
10620_6_12_17_18,D,NA,21
10620_6_12_17_18,E,NA,21
10620_7_9,A,NA,NA
10620_7_9,B,NA,NA
10620_7_9,C,NA,NA
10620_7_9,D,NA,NA
10620_7_9,E,NA,NA
10630_1,A,NA,NA
10630_1,B,NA,NA
10630_2_7,A,NA,NA
10630_2_7,B,NA,NA
10640_15_16_17_23_24_27_28,A,NA,NA
10640_15_16_17_23_24_27_28,B,NA,NA
10640_15_16_17_23_24_27_28,C,NA,NA
10650_1_8_9_10,A,NA,NA
10650_1_8_9_10,B,NA,NA
10650_1_8_9_10,C,NA,NA
10660_16_23_24,A,NA,NA
10660_16_23_24,B,NA,NA
10660_22,A,NA,NA
10660_29,A,NA,NA
10660_29,B,NA,NA
10670_6,A,NA,NA
10670_6,B,NA,NA
10680_1_7,A,NA,NA
10700_10_19_28,A,NA,NA
10700_10_19_28,B,NA,NA
10700_16,A,NA,NA
10700_16,B,NA,NA
10700_21,A,NA,NA
10700_21,B,NA,NA
10710_6,A,NA,NA
10710_6,B,NA,NA
10720_22_29,A,NA,NA
10720_22_29,B,NA,NA
10720_28,A,NA,NA
10720_28,B,NA,NA
10740_25_26,A,NA,NA
10740_25_26,B,NA,NA
10750_25,A,NA,NA
10750_25,B,NA,NA
10750_25,C,NA,21
10750_26,A,NA,NA
10750_26,B,NA,NA
10750_26,C,NA,NA
10760_25,A,NA,NA
10760_25,B,NA,NA
10760_26,A,NA,NA
10770_15,A,NA,NA
10770_15,B,NA,NA
10770_25_26,A,NA,NA
10770_25_26,B,NA,NA
10780_15,A,NA,NA
10780_15,B,NA,5
10780_16_23_24_25,A,NA,NA
10780_16_23_24_25,B,NA,NA
10780_16_23_24_25,C,NA,NA
10790_13,A,NA,NA
10790_13,B,NA,NA
10790_13,C,4.5,NA
10790_13,D,NA,9
10790_6_9_10_12_16_17_18,A,NA,NA
10790_6_9_10_12_16_17_18,B,NA,NA
10790_6_9_10_12_16_17_18,C,4.5,NA
10790_6_9_10_12_16_17_18,D,NA,9
10800_10_19,A,NA,NA
10800_10_19,B,NA,NA
10800_10_19,C,NA,NA
10800_13_14,A,NA,NA
10800_13_14,B,NA,NA
10800_13_14,C,NA,NA
10800_13_14,D,NA,5
10800_13_14,E,NA,NA
10800_1_7_8_9,A,NA,NA
10800_1_7_8_9,B,NA,NA
10800_1_7_8_9,C,NA,NA
10801_21_22_28,A,NA,NA
10801_21_22_28,B,NA,NA
10801_21_22_28,C,NA,NA
10802_21_22_28,A,NA,NA
10802_21_22_28,B,NA,NA
10802_21_22_28,C,NA,NA
10803_6_12_15_16_17_18_23_24_25,A,NA,NA
10803_6_12_15_16_17_18_23_24_25,B,NA,NA
10803_6_12_15_16_17_18_23_24_25,C,NA,NA
10804_6_12_15_16_17_18_23_24_25,A,NA,NA
10804_6_12_15_16_17_18_23_24_25,B,NA,NA
10804_6_12_15_16_17_18_23_24_25,C,NA,NA
10804_6_12_15_16_17_18_23_24_25,D,NA,5
10804_6_12_15_16_17_18_23_24_25,E,NA,NA
10810_15_16_23_24_28,A,NA,NA
10810_15_16_23_24_28,B,NA,NA
10810_15_16_23_24_28,C,NA,NA
10810_18_19_21,A,NA,NA
10810_18_19_21,B,NA,NA
10810_22,A,NA,NA
10810_22,B,NA,NA
10810_27_33,A,NA,NA
10810_27_33,B,NA,NA
10810_27_33,C,NA,NA
10810_6_12_13_17,A,NA,NA
10810_6_12_13_17,B,NA,NA
10810_6_12_13_17,C,NA,NA
10810_7_8_9,A,NA,NA
10810_7_8_9,B,NA,NA
10810_7_8_9,C,NA,NA
10820_12_15_16_17_23_24,A,NA,NA
10820_12_15_16_17_23_24,B,NA,NA
10820_14,A,NA,NA
10820_14,B,NA,NA
10820_4_13,A,NA,NA
10820_4_13,B,NA,NA
10820_6,A,NA,NA
10820_6,B,NA,NA
10830_1,A,NA,NA
10830_1,B,NA,NA
10840_1,A,NA,NA
10850_20,A,NA,NA
10850_20,B,NA,NA
10850_20,C,NA,NA
10850_29_30,A,NA,NA
10850_29_30,B,NA,NA
10850_29_30,C,NA,NA
10860_13_16_17_18_21_23,A,NA,NA
10860_13_16_17_18_21_23,B,NA,NA
10860_13_16_17_18_21_23,C,NA,NA
10860_13_16_17_18_21_23,D,NA,NA
10860_25,A,NA,NA
10860_25,B,NA,NA
10860_25,C,NA,NA
10860_25,D,NA,NA
10860_25,E,NA,NA
10860_26,A,NA,NA
10860_26,B,NA,NA
10860_27_31_33,A,NA,NA
10860_27_31_33,B,NA,NA
10860_27_31_33,C,NA,NA
10860_28,A,NA,NA
10860_28,B,NA,NA
10860_28,C,NA,NA
10860_28,D,NA,NA
10860_28,E,NA,NA
10860_29,A,NA,NA
10860_29,B,NA,NA
10860_29,C,NA,NA
10861_22,A,NA,NA
10861_22,B,NA,NA
10861_22,C,NA,NA
10862_22,A,NA,NA
10862_22,B,NA,NA
10862_22,C,NA,NA
10870_4_6_12_13_14_15_17_24_25,A,NA,NA
10870_4_6_12_13_14_15_17_24_25,B,NA,NA
10880_12_13_14_25,A,NA,NA
10880_12_13_14_25,B,NA,NA
10880_4_5,A,NA,NA
10880_4_5,B,NA,NA
10900_14,A,NA,NA
10900_14,B,NA,NA
10910_13_14,A,NA,NA
10910_13_14,B,NA,NA
10910_13_14,C,NA,NA
10910_15,A,NA,NA
10910_15,B,NA,NA
10910_25,A,NA,NA
10910_25,B,NA,NA
10920_4,A,NA,NA
10920_4,B,NA,NA
10920_4,C,NA,NA
10930_13_15_16_23_24_28,A,NA,NA
10930_13_15_16_23_24_28,B,NA,NA
10930_13_15_16_23_24_28,C,NA,NA
10940_25,A,NA,NA
10940_25,B,NA,NA
10940_26,A,NA,NA
10940_26,B,NA,NA
10940_27_33,A,NA,NA
10940_27_33,B,NA,NA
10940_27_33,C,NA,NA
10940_31_38,A,NA,NA
10940_31_38,B,NA,NA
10940_31_38,C,NA,NA
10940_32_35,A,NA,NA
10940_32_35,B,NA,NA
10940_34,A,NA,NA
10940_34,B,NA,NA
10950_14,A,NA,NA
10950_14,B,NA,NA
10950_14,C,NA,NA
10950_14,D,NA,NA
10950_15,A,NA,NA
10950_15,B,NA,NA
10950_15,C,NA,NA
10950_15,D,NA,NA
10950_25,A,NA,NA
10950_25,B,NA,NA
10950_25,C,NA,NA
10950_25,D,NA,NA
10950_26_35,A,NA,NA
10950_26_35,B,NA,NA
10950_26_35,C,NA,NA
10950_26_35,D,NA,NA
10950_27,A,NA,NA
10950_27,B,NA,NA
10950_27,C,NA,NA
10950_27,D,NA,NA
10960_3,A,NA,NA
10960_3,B,NA,NA
10960_3,C,NA,9
10960_3,D,NA,21
10960_4,A,NA,NA
10960_4,B,NA,NA
10960_4,C,NA,21
10970_3_6_7,NA,NA,NA
10970_4_5,NA,NA,NA
10980_3,A,NA,9
10980_3,B,NA,33
10980_3,C,NA,33
10980_4,A,NA,9
10980_4,B,NA,21
10980_4,C,NA,33
10980_6,A,NA,9
10980_6,B,NA,33
10980_6,C,NA,33
10980_7,A,NA,NA
10980_7,B,NA,21
10980_7,C,NA,21
10980_7,D,NA,33
10990_3,A,NA,9
10990_3,B,NA,21
10990_4,A,NA,9
10990_4,B,NA,21
11000_15,A,NA,NA
11000_15,B,NA,NA
11000_26,A,NA,NA
11002_25,A,NA,NA
11002_25,B,NA,NA
11003_25,A,NA,NA
11003_25,B,NA,NA
11010_25,A,NA,NA
11010_25,B,NA,NA
11010_25,C,NA,NA
11010_26,A,NA,NA
11010_26,B,NA,NA
11010_26,C,NA,NA
11020_13_15_16_23_24,A,NA,NA
11020_13_15_16_23_24,B,NA,NA
11020_13_15_16_23_24,C,4.5,NA
11020_13_15_16_23_24,D,NA,5
11020_13_15_16_23_24,E,NA,5
11020_28,A,4.5,NA
11020_28,B,NA,9
11020_28,C,NA,9
11020_28,D,NA,21
11020_28,E,NA,21
11030_6_7_12_13_16_17_23,A,NA,NA
11030_6_7_12_13_16_17_23,B,NA,NA
11040_13_14_25,A,NA,NA
11040_13_14_25,B,NA,NA
11040_15,A,NA,NA
11040_15,B,NA,NA
11040_15,C,NA,NA
11040_15,D,NA,NA
11040_17,A,NA,NA
11040_17,B,NA,NA
11040_23_24,A,NA,NA
11040_23_24,B,NA,NA
11040_23_24,C,NA,NA
11040_23_24,D,NA,NA
11040_23_24,E,NA,NA
11050_3_6_7,A,NA,NA
11050_3_6_7,B,NA,NA
11050_4_5,A,NA,NA
11050_4_5,B,NA,NA
11060_10_19,A,NA,NA
11060_10_19,B,NA,NA
11060_10_19,C,NA,NA
11060_18,A,NA,NA
11060_18,B,NA,NA
11060_1_8_9,A,NA,NA
11060_1_8_9,B,NA,NA
11060_1_8_9,C,NA,NA
11060_20_21_29,A,NA,NA
11060_20_21_29,B,NA,NA
11060_20_21_29,C,NA,NA
11060_22,A,NA,NA
11060_22,B,NA,NA
11060_22,C,NA,NA
11070_13,A,NA,NA
11070_13,B,NA,NA
11070_13,C,NA,NA
11070_15,A,NA,NA
11070_15,B,NA,NA
11070_15,C,NA,NA
11070_15,D,NA,NA
11070_17,A,NA,NA
11070_17,B,NA,NA
11070_17,C,NA,NA
11070_23_24,A,NA,NA
11070_23_24,B,NA,NA
11070_23_24,C,NA,NA
11070_23_24,D,NA,NA
11070_25_28,A,NA,NA
11070_25_28,B,NA,NA
11070_25_28,C,NA,NA
11070_25_28,D,NA,NA
11070_27_33,A,NA,NA
11070_27_33,B,NA,NA
11070_27_33,C,NA,NA
11071_16,A,NA,NA
11071_16,B,4.5,NA
11071_16,C,NA,5
11072_16,A,NA,NA
11072_16,B,NA,NA
11072_16,C,NA,NA
11080_17,A,NA,NA
11080_17,B,NA,NA
11080_4_5_13_14_15_24_25,A,NA,NA
11080_4_5_13_14_15_24_25,B,NA,NA
11090_14,A,NA,NA
11090_14,B,NA,NA
11090_14,C,NA,9
11090_15_25,A,NA,NA
11090_15_25,B,NA,NA
11090_15_25,C,NA,9
11090_4_13,A,NA,NA
11090_4_13,B,NA,NA
11090_4_13,C,NA,9
11100_4,A,NA,NA
11100_4,B,NA,NA
11110_26,A,NA,NA
11110_26,B,NA,NA
11110_26,C,NA,NA
11110_27_33,A,NA,NA
11110_27_33,B,NA,NA
11110_27_33,C,NA,NA
11110_32_35,A,NA,NA
11110_32_35,B,NA,9
11110_32_35,C,NA,33
11110_32_35,D,NA,33
11110_34,A,NA,NA
11110_34,B,NA,NA
11110_34,C,NA,NA
11120_4_5,A,NA,5
11120_4_5,B,NA,33
11120_4_5,C,NA,33
11130_3,A,NA,21
11130_3,B,NA,33
11130_3,C,NA,33
11130_4,A,NA,9
11130_4,B,NA,33
11130_4,C,NA,33
11140_3_6_7,A,NA,5
11140_3_6_7,B,NA,9
11140_3_6_7,C,NA,33
11140_3_6_7,D,NA,33
11140_4_5,A,NA,5
11140_4_5,B,NA,9
11140_4_5,C,NA,21
11140_4_5,D,NA,21
11140_4_5,E,NA,9
11150_10_19,A,NA,NA
11150_10_19,B,NA,NA
11150_10_19,C,4.5,NA
11150_10_19,D,NA,33
11150_10_19,E,NA,33
11150_13,A,NA,NA
11150_13,B,NA,NA
11150_13,C,4.5,NA
11150_13,D,NA,33
11150_13,E,NA,33
11150_14,A,NA,NA
11150_14,B,NA,NA
11150_14,C,4.5,NA
11150_14,D,NA,33
11150_14,E,NA,33
11150_15_16_23_24,A,NA,NA
11150_15_16_23_24,B,NA,NA
11150_15_16_23_24,C,4.5,NA
11150_15_16_23_24,D,NA,9
11150_15_16_23_24,E,NA,21
11150_17,A,NA,NA
11150_17,B,NA,NA
11150_17,C,4.5,NA
11150_17,D,NA,33
11150_17,E,NA,33
11150_21_22,A,NA,NA
11150_21_22,B,NA,9
11150_21_22,C,NA,9
11150_21_22,D,NA,21
11150_28,A,NA,NA
11150_28,B,NA,NA
11150_28,C,4.5,NA
11150_28,D,NA,21
11150_28,E,NA,21
11160_15_25,A,NA,NA
11160_15_25,B,NA,9
11160_15_25,C,NA,21
11160_24,A,NA,NA
11160_24,B,NA,9
11160_24,C,NA,21
11160_26,A,NA,NA
11160_26,B,NA,9
11160_26,C,NA,21
11160_26,D,NA,NA
11170_13_15_28,A,4.5,NA
11170_13_15_28,B,NA,9
11170_13_15_28,C,NA,9
11170_13_15_28,D,NA,33
11170_13_15_28,E,NA,33
11170_16_23_24,A,NA,5
11170_16_23_24,B,NA,9
11170_16_23_24,C,NA,9
11170_16_23_24,D,NA,33
11170_16_23_24,E,NA,33
11170_20,A,NA,5
11170_20,B,NA,9
11170_20,C,NA,21
11170_20,D,NA,33
11170_20,E,NA,33
11170_29,A,4.5,NA
11170_29,B,NA,9
11170_29,C,NA,9
11170_29,D,NA,33
11170_29,E,NA,21
11170_33,A,4.5,NA
11170_33,B,NA,9
11170_33,C,NA,9
11170_33,D,NA,21
11170_33,E,NA,21
11171_27,A,4.5,NA
11171_27,B,NA,21
11171_27,C,NA,33
11172_27,A,4.5,NA
11172_27,B,NA,9
11172_27,C,NA,9
11172_27,D,NA,21
11172_27,E,NA,21
11180_4,A,NA,5
11180_4,B,NA,21
11180_4,C,NA,33
11180_4,D,NA,33
11190_24_25,A,NA,5
11190_24_25,B,NA,21
11190_24_25,C,NA,21
11190_24_25,D,NA,33
11190_24_25,E,NA,NA
11190_26,A,NA,NA
11190_26,B,NA,9
11190_26,C,NA,21
11190_26,D,NA,NA
11190_27,A,NA,5
11190_27,B,NA,21
11190_27,C,NA,21
11190_27,D,NA,33
11190_27,E,NA,NA
11190_28,A,NA,5
11190_28,B,NA,21
11190_28,C,NA,21
11190_28,D,NA,33
11190_28,E,NA,NA
11190_34,A,NA,NA
11190_34,B,NA,9
11190_34,C,NA,21
11200_1_2_7,A,NA,NA
11200_1_2_7,B,NA,33
11200_1_2_7,C,NA,33
11200_1_2_7,D,NA,33
11200_1_2_7,E,NA,33
11210_14,A,NA,NA
11210_14,B,NA,NA
11210_14,C,NA,NA
11210_14,D,NA,NA
11210_15,A,NA,NA
11210_15,B,NA,NA
11210_15,C,NA,NA
11210_15,D,NA,NA
11210_24,A,NA,NA
11210_24,B,NA,NA
11210_24,C,NA,NA
11210_24,D,NA,NA
11210_25,A,NA,NA
11210_25,B,NA,NA
11210_25,C,NA,NA
11210_26,NA,NA,NA
11210_27,A,NA,NA
11210_27,B,NA,NA
11210_27,C,NA,NA
11220_25,A,NA,NA
11220_25,B,NA,NA
11220_26,A,NA,NA
11220_26,B,NA,NA
11220_27,A,NA,NA
11230_10_18,A,NA,NA
11230_10_18,B,NA,NA
11230_1_7_8_9,A,NA,NA
11230_1_7_8_9,B,NA,NA
11230_1_7_8_9,C,NA,NA
11240_10_12_17_18_19_21,A,NA,NA
11240_10_12_17_18_19_21,B,NA,NA
11240_10_12_17_18_19_21,C,NA,NA
11240_1_7_8_9,A,NA,NA
11240_1_7_8_9,B,NA,NA
11240_1_7_8_9,C,NA,NA
11250_1_7_8_9_10_19,A,NA,NA
11250_1_7_8_9_10_19,B,NA,NA
11250_1_7_8_9_10_19,C,NA,NA
11250_1_7_8_9_10_19,D,NA,NA
11250_20_29_30_31_33,A,NA,NA
11250_20_29_30_31_33,B,NA,NA
11250_20_29_30_31_33,C,NA,NA
11250_6_12_13_15_16_17_18_23_24_25_28,A,NA,NA
11250_6_12_13_15_16_17_18_23_24_25_28,B,NA,NA
11250_6_12_13_15_16_17_18_23_24_25_28,C,NA,NA
11260_13,A,NA,NA
11260_13,B,4.5,NA
11260_13,C,NA,NA
11260_13,D,NA,5
11260_13,E,NA,9
11260_1_7_8_9_10_19,A,NA,NA
11260_1_7_8_9_10_19,B,NA,NA
11260_1_7_8_9_10_19,C,NA,NA
11260_1_7_8_9_10_19,D,NA,NA
11260_20_29_33,A,NA,NA
11260_20_29_33,B,NA,NA
11260_20_29_33,C,NA,NA
11260_21,A,NA,NA
11260_21,B,NA,NA
11260_21,C,NA,NA
11260_22,A,NA,NA
11260_22,B,NA,NA
11260_22,C,NA,NA
11260_22,D,NA,NA
11260_6_12_17_18_28,A,NA,NA
11260_6_12_17_18_28,B,4.5,NA
11260_6_12_17_18_28,C,NA,NA
11260_6_12_17_18_28,D,NA,5
11260_6_12_17_18_28,E,NA,9
11261_16_23_24,A,NA,NA
11261_16_23_24,B,4.5,NA
11261_16_23_24,C,NA,NA
11261_16_23_24,D,NA,5
11261_16_23_24,E,NA,9
11262_16_23,A,NA,NA
11262_16_23,B,NA,NA
11262_16_23,C,NA,NA
11270_10_12_13_17_18,A,NA,NA
11270_10_12_13_17_18,B,NA,NA
11270_14,A,NA,NA
11270_14,B,NA,NA
11270_15,A,NA,NA
11270_15,B,NA,NA
11270_15,C,NA,NA
11270_16_23_24_25,A,NA,NA
11270_16_23_24_25,B,NA,NA
11270_16_23_24_25,C,NA,NA
11270_21,A,NA,NA
11270_21,B,NA,NA
11270_22,A,NA,NA
11270_22,B,NA,NA
11270_28,A,NA,NA
11270_28,B,NA,NA
11270_28,C,NA,NA
11270_7_8_9,A,NA,NA
11270_7_8_9,B,NA,NA
11270_7_8_9,C,NA,NA
11280_2_3_4,A,NA,NA
11280_2_3_4,B,NA,NA
11280_2_3_4,C,NA,NA
11290_4_5,A,NA,NA
11290_4_5,B,NA,NA
11300_3_4,A,NA,NA
11300_3_4,B,NA,NA
11310_2_3_4,A,NA,NA
11310_2_3_4,B,NA,NA
11310_2_3_4,C,NA,NA
11320_31_38,A,NA,NA
11320_31_38,B,NA,NA
11320_31_38,C,NA,NA
11320_32_34_35,A,NA,NA
11320_32_34_35,B,NA,NA
11320_32_34_35,C,NA,NA
11320_33,A,NA,NA
11320_33,B,NA,NA
11320_33,C,NA,NA
11330_25,A,NA,NA
11330_25,B,NA,NA
11340_10,A,NA,NA
11340_10,B,NA,NA
11340_8_9,A,NA,NA
11340_8_9,B,NA,NA
11340_8_9,C,NA,NA
11350_13_14,A,NA,NA
11350_13_14,B,NA,NA
11350_15_28,A,NA,NA
11350_15_28,B,NA,NA
11350_15_28,C,NA,NA
11350_15_28,D,NA,NA
11350_16_23_24,A,NA,NA
11350_16_23_24,B,NA,NA
11350_16_23_24,C,NA,NA
11350_16_23_24,D,NA,NA
11350_22,A,NA,NA
11350_22,B,NA,NA
11350_22,C,NA,NA
11350_22,D,NA,NA
11350_25,A,NA,NA
11350_25,B,NA,NA
11350_25,C,NA,NA
11350_25,D,NA,NA
11350_7_8_9_10_12_17_18,A,NA,NA
11350_7_8_9_10_12_17_18,B,NA,NA
11360_6,A,NA,NA
11360_6,B,NA,NA
11370_3_6,A,NA,NA
11370_3_6,B,NA,NA
11370_3_6,C,4.5,NA
11380_1,A,NA,NA
11380_1,B,NA,NA
11380_3_5,A,NA,NA
11380_3_5,B,NA,NA
11380_6,A,NA,NA
11380_6,B,NA,NA
11390_10_19,A,NA,NA
11390_10_19,B,NA,NA
11390_10_19,C,NA,NA
11390_18,A,NA,NA
11390_18,B,NA,NA
11390_18,C,NA,NA
11390_20,A,NA,NA
11390_20,B,NA,NA
11390_21,A,NA,NA
11390_21,B,NA,NA
11390_21,C,NA,NA
11390_22,A,NA,NA
11390_22,B,NA,NA
11390_22,C,NA,NA
11390_29,A,NA,NA
11390_29,B,NA,NA
11390_8_9,A,NA,NA
11390_8_9,B,NA,NA
11390_8_9,C,NA,NA
11400_10_19,A,NA,NA
11400_10_19,B,NA,NA
11400_20,A,NA,NA
11400_20,B,NA,NA
11400_21,A,NA,NA
11400_21,B,NA,NA
11400_29,A,NA,NA
11400_29,B,NA,NA
11400_9,A,NA,NA
11400_9,B,NA,21
11410_20,A,NA,NA
11410_20,B,NA,NA
11410_20,C,NA,NA
11410_29_30,A,NA,NA
11410_29_30,B,NA,NA
11410_31,A,NA,NA
11410_31,B,NA,NA
11410_31,C,NA,NA
11410_39,A,NA,NA
11410_39,B,NA,NA
11410_39,C,NA,NA
11410_40,A,NA,NA
11410_40,B,NA,NA
11410_40,C,NA,NA
11420_8,A,NA,NA
11420_8,B,NA,NA
11420_8,C,NA,NA
11420_8,D,NA,NA
11420_9_10,A,NA,NA
11420_9_10,B,NA,NA
11430_9_19_21_28,A,NA,NA
11430_9_19_21_28,B,NA,NA
11440_12_16_19_28,A,NA,NA
11440_12_16_19_28,B,NA,NA
11440_21_22,A,NA,NA
11440_21_22,B,NA,NA
11450_13,A,NA,NA
11450_13,B,NA,NA
11450_13,C,4.5,NA
11450_16,A,NA,NA
11450_16,B,NA,NA
11450_16,C,4.5,NA
11450_17,A,NA,NA
11450_17,B,NA,NA
11450_17,C,4.5,NA
11450_20,A,NA,NA
11450_20,B,NA,NA
11450_20,C,4.5,NA
11450_21,A,NA,NA
11450_21,B,NA,NA
11450_21,C,4.5,NA
11450_22_24_28,A,NA,NA
11450_22_24_28,B,NA,NA
11450_22_24_28,C,4.5,NA
11450_29,A,NA,NA
11450_29,B,NA,NA
11450_9_10_19,A,NA,NA
11450_9_10_19,B,NA,NA
11450_9_10_19,C,4.5,NA
11460_15_16_23_24_25_28,A,NA,NA
11460_15_16_23_24_25_28,B,NA,NA
11460_15_16_23_24_25_28,C,NA,NA
11460_26,A,NA,NA
11460_27,A,NA,NA
11460_27,B,NA,NA
11470_27_33,A,NA,NA
11470_27_33,B,NA,NA
11470_28,A,NA,NA
11470_28,B,NA,NA
11470_28,C,NA,NA
11480_20_29_30,A,NA,NA
11480_20_29_30,B,NA,NA
11480_31_38,A,NA,NA
11480_31_38,B,NA,NA
11480_31_38,C,NA,NA
11480_32,A,NA,NA
11480_32,B,NA,NA
11480_32,C,NA,NA
11480_34_35,A,NA,NA
11480_34_35,B,NA,NA
11480_34_35,C,NA,NA
11490_25,A,NA,NA
11490_25,B,NA,NA
11490_25,C,NA,NA
11490_26,A,NA,NA
11490_26,B,NA,NA
11490_26,C,NA,NA
11490_26,D,NA,NA
11490_27_38,A,NA,NA
11490_27_38,B,NA,NA
11490_27_38,C,NA,NA
11490_28,A,NA,NA
11490_28,B,NA,NA
11490_28,C,NA,NA
11490_28,D,NA,NA
11490_29,A,NA,NA
11490_29,B,NA,NA
11490_29,C,NA,NA
11490_31_33,A,NA,NA
11490_31_33,B,NA,NA
11490_31_33,C,NA,NA
11490_34_35,A,NA,NA
11490_34_35,B,NA,NA
11500_31_39_40,A,NA,NA
11500_31_39_40,B,NA,NA
11500_31_39_40,C,NA,NA
11500_38,A,NA,NA
11500_38,B,NA,NA
11500_38,C,NA,NA
11510_4_5,A,NA,NA
11510_4_5,B,NA,NA
11510_4_5,C,NA,NA
11520_2_3_7,A,NA,NA
11520_2_3_7,B,NA,9
11520_2_3_7,C,NA,33
11520_4_5,A,NA,NA
11520_4_5,B,NA,9
11520_4_5,C,NA,33
11520_6,A,NA,NA
11520_6,B,NA,9
11520_6,C,NA,33
11530_16_23_24_25_27,A,NA,NA
11530_16_23_24_25_27,B,NA,NA
11530_16_23_24_25_27,C,NA,NA
11530_20_22_29_30,A,NA,NA
11530_20_22_29_30,B,NA,NA
11530_28,A,NA,NA
11530_28,B,NA,NA
11530_28,C,NA,NA
11530_6_10_12_13_17_18_19_21,A,NA,NA
11530_6_10_12_13_17_18_19_21,B,NA,NA
11530_7_8_9,A,NA,NA
11530_7_8_9,B,NA,NA
11530_7_8_9,C,NA,NA
11540_10_19,A,NA,NA
11540_10_19,B,NA,9
11540_10_19,C,NA,21
11540_13,A,NA,NA
11540_13,B,NA,9
11540_13,C,NA,33
11540_18,A,NA,NA
11540_18,B,NA,9
11540_18,C,NA,21
11540_1_7_8_9,A,NA,5
11540_1_7_8_9,B,NA,9
11540_1_7_8_9,C,NA,33
11540_6_12_16_17,A,NA,NA
11540_6_12_16_17,B,NA,5
11540_6_12_16_17,C,NA,33
11550_13_14,A,NA,NA
11550_13_14,B,NA,9
11550_13_14,C,NA,21
11550_13_14,D,NA,33
11550_13_14,E,NA,33
11550_15,A,NA,NA
11550_15,B,NA,9
11550_15,C,NA,33
11550_15,D,NA,33
11550_25,A,NA,NA
11550_25,B,NA,NA
11550_26_35,A,NA,NA
11550_26_35,B,NA,NA
11550_26_35,C,NA,33
11550_4,A,NA,NA
11550_4,B,NA,9
11550_4,C,NA,21
11550_4,D,NA,33
11550_4,E,NA,33
11552_13_14_15,A,NA,NA
11552_13_14_15,B,NA,9
11552_13_14_15,C,NA,21
11560_1_2_7,A,NA,9
11560_1_2_7,B,NA,NA
11560_1_2_7,C,NA,NA
11560_1_2_7,D,NA,NA
11570_1_2,A,NA,5
11570_1_2,B,NA,21
11570_1_2,C,NA,NA
11581_1_2_7,A,NA,NA
11581_1_2_7,B,NA,21
11581_1_2_7,C,NA,33
11582_1_2_7,A,NA,NA
11582_1_2_7,B,NA,21
11582_1_2_7,C,NA,33
11590_10_19,A,NA,NA
11590_10_19,B,NA,5
11590_10_19,C,NA,33
11590_12_17,A,NA,NA
11590_12_17,B,NA,5
11590_12_17,C,NA,33
11590_13,A,NA,NA
11590_13,B,NA,9
11590_13,C,NA,33
11590_15,A,NA,NA
11590_15,B,NA,9
11590_15,C,NA,33
11590_16_23_24_26,A,NA,NA
11590_16_23_24_26,B,NA,9
11590_18,A,NA,NA
11590_18,B,NA,9
11590_18,C,NA,21
11590_20,A,NA,NA
11590_20,B,NA,5
11590_20,C,NA,33
11590_21,A,NA,NA
11590_21,B,NA,5
11590_21,C,NA,33
11590_22,A,NA,NA
11590_22,B,NA,33
11590_25,A,NA,NA
11590_25,B,NA,9
11590_27_33,A,NA,NA
11590_27_33,B,NA,9
11590_28,A,NA,NA
11590_28,B,NA,9
11590_29,A,NA,NA
11590_29,B,NA,5
11590_29,C,NA,33
11590_8_9,A,NA,NA
11590_8_9,B,NA,5
11590_8_9,C,NA,33
11600_10_19,A,NA,NA
11600_10_19,B,NA,9
11600_12_17,A,NA,NA
11600_12_17,B,NA,9
11600_15_28,A,NA,NA
11600_15_28,B,NA,9
11600_16,A,NA,NA
11600_16,B,NA,9
11600_18,A,NA,NA
11600_18,B,NA,9
11600_18,C,NA,NA
11600_20_29,A,NA,NA
11600_20_29,B,NA,9
11600_21,A,NA,NA
11600_21,B,NA,NA
11600_23,A,NA,NA
11600_23,B,NA,9
11600_8_9,A,NA,NA
11600_8_9,B,NA,9
11610_21,A,NA,5
11610_21,B,NA,21
11610_21,C,NA,33
11610_9_10_19,A,NA,5
11610_9_10_19,B,NA,NA
11610_9_10_19,C,NA,NA
11620_20,A,4.5,NA
11620_20,B,NA,5
11620_20,C,NA,21
11620_20,D,NA,33
11620_20,E,NA,NA
11620_22,A,4.5,NA
11620_22,B,NA,5
11620_22,C,NA,21
11620_22,D,NA,33
11620_22,E,NA,NA
11620_27_33,A,4.5,NA
11620_27_33,B,NA,NA
11620_27_33,C,NA,NA
11620_29_30,A,NA,5
11620_29_30,B,NA,21
11620_29_30,C,NA,33
11620_29_30,D,NA,21
11620_29_30,E,NA,NA
11620_31_39_40,A,NA,5
11620_31_39_40,B,NA,21
11620_31_39_40,C,NA,33
11620_31_39_40,D,NA,21
11620_31_39_40,E,NA,NA
11620_32_35,A,NA,21
11620_32_35,B,NA,33
11620_34,A,4.5,NA
11620_34,B,NA,NA
11620_34,C,NA,NA
11620_38,A,NA,5
11620_38,B,NA,21
11620_38,C,NA,33
11620_38,D,NA,21
11620_38,E,NA,NA
11630_3_4_5,A,NA,NA
11630_3_4_5,B,NA,NA
11630_3_4_5,C,NA,NA
11650_1_7_8,A,NA,21
11650_1_7_8,B,NA,33
11650_1_7_8,C,NA,33
11650_9,A,NA,5
11650_9,B,NA,9
11650_9,C,NA,NA
11650_9,D,NA,NA
11660_21,A,NA,5
11660_21,B,NA,9
11660_21,C,NA,9
11660_21,D,NA,33
11660_21,E,NA,33
11660_22,A,NA,5
11660_22,B,NA,9
11660_22,C,NA,9
11660_22,D,NA,33
11660_22,E,NA,33
11660_29,A,4.5,NA
11660_29,B,NA,9
11660_29,C,NA,9
11660_29,D,NA,33
11660_29,E,NA,33
11660_9_10_19,A,NA,5
11660_9_10_19,B,NA,21
11660_9_10_19,C,NA,21
11660_9_10_19,D,NA,33
11660_9_10_19,E,NA,33
11662_19,A,NA,5
11662_19,B,NA,33
11662_19,C,NA,21
11662_19,D,NA,33
11670_10_19,A,4.5,NA
11670_10_19,B,NA,9
11670_10_19,C,NA,9
11670_10_19,D,NA,33
11670_1_7_9,A,NA,5
11670_1_7_9,B,NA,21
11670_1_7_9,C,NA,21
11670_21,A,NA,9
11670_21,B,NA,21
11670_21,C,NA,21
11670_21,D,NA,21
11700_2_3_7,A,NA,5
11700_2_3_7,B,NA,21
11700_2_3_7,C,NA,33
11710_1,A,NA,NA
11710_1,B,NA,NA
11710_7,A,NA,NA
11710_7,B,NA,NA
11720_7,A,NA,5
11720_7,B,NA,21
11720_7,C,NA,21
11720_7,D,NA,33
11720_7,E,NA,33
11730_1_7,A,NA,NA
11730_1_7,B,NA,33
11740_1_7,A,NA,5
11740_1_7,B,NA,21
11740_1_7,C,NA,21
11740_1_7,D,NA,33
11740_1_7,E,NA,33
11770_3,A,NA,NA
11770_3,B,NA,NA
11770_3,C,NA,NA
11770_4,A,NA,NA
11770_4,B,NA,9
11770_4,C,NA,NA
11780_1_2_7,A,NA,NA
11780_1_2_7,B,NA,NA
11780_1_2_7,C,NA,NA
11790_31,A,NA,9
11790_31,B,NA,33
11790_31,C,NA,21
11791_29_30,A,4.5,NA
11791_29_30,B,NA,9
11791_29_30,C,NA,9
11791_29_30,D,NA,33
11791_29_30,E,NA,21
11792_29_30,A,4.5,NA
11792_29_30,B,NA,9
11792_29_30,C,NA,9
11792_29_30,D,NA,33
11792_29_30,E,NA,21
13010_40,A,NA,5
13010_40,B,NA,9
13010_40,C,NA,21
13010_40,D,NA,21
13020_40,A,NA,9
13020_40,B,NA,9
13020_40,C,NA,21
13020_40,D,NA,33
13020_40,E,NA,21
13020_63,A,NA,9
13020_63,B,NA,9
13020_63,C,NA,21
13020_63,D,NA,33
13020_63,E,NA,21
13020_64,A,NA,9
13020_64,B,NA,9
13020_64,C,NA,21
13020_64,D,NA,33
13020_65_66,A,NA,9
13020_65_66,B,NA,9
13020_65_66,C,NA,21
13020_65_66,D,NA,33
13020_65_66,E,NA,21
13022_41_50_51,A,4.5,NA
13022_41_50_51,B,NA,5
13022_41_50_51,C,NA,33
13022_41_50_51,D,NA,33
13022_41_50_51,E,NA,21
13023_51,A,NA,9
13023_51,B,NA,9
13023_51,C,NA,21
13023_51,D,NA,33
13023_51,E,NA,21
13030_60,A,NA,NA
13030_60,B,NA,5
13030_60,C,NA,33
13030_60,D,NA,33
13030_60,E,NA,33
13030_61_63_64_65_66,A,NA,5
13030_61_63_64_65_66,B,NA,5
13030_61_63_64_65_66,C,NA,33
13030_61_63_64_65_66,D,NA,33
13030_61_63_64_65_66,E,NA,33
13030_62,A,NA,NA
13030_62,B,NA,5
13030_62,C,NA,33
13030_62,D,NA,33
13030_62,E,NA,33
13040_32_43_44_49,A,NA,5
13040_32_43_44_49,B,NA,9
13040_32_43_44_49,C,NA,9
13040_32_43_44_49,D,NA,21
13040_32_43_44_49,E,NA,21
13050_47_48,A,NA,NA
13050_47_48,B,NA,5
13050_47_48,C,NA,21
13050_47_48,D,NA,21
13050_47_48,E,NA,21
13050_49,A,NA,NA
13050_49,B,NA,5
13050_49,C,NA,33
13050_49,D,NA,33
13050_49,E,NA,33
13050_53,A,NA,NA
13050_53,B,NA,5
13050_53,C,NA,21
13050_53,D,NA,21
13050_53,E,NA,21
13060_47_48,A,NA,5
13060_47_48,B,NA,21
13060_47_48,C,NA,21
13060_47_48,D,NA,33
13060_47_48,E,NA,33
13070_46_47_48,A,NA,5
13070_46_47_48,B,NA,21
13070_46_47_48,C,NA,21
13070_46_47_48,D,NA,33
13070_46_47_48,E,NA,33
13080_32_35,A,NA,5
13080_32_35,B,NA,9
13080_32_35,C,NA,9
13080_32_35,D,NA,21
13080_32_35,E,NA,21
13080_38_43_44,A,NA,5
13080_38_43_44,B,NA,9
13080_38_43_44,C,NA,9
13080_38_43_44,D,NA,21
13080_38_43_44,E,NA,21
13090_53_57,A,NA,5
13090_53_57,B,NA,21
13090_53_57,C,NA,21
13090_53_57,D,NA,33
13090_53_57,E,NA,33
13100_38_42_43,A,NA,NA
13100_38_42_43,B,NA,33
13100_38_42_43,C,NA,33
13100_38_42_43,D,NA,33
13100_38_42_43,E,NA,33
13100_39,A,NA,NA
13100_39,B,NA,33
13100_39,C,NA,33
13100_39,D,NA,33
13100_39,E,NA,33
13100_41_62,A,NA,NA
13100_41_62,B,NA,33
13100_41_62,C,NA,33
13100_41_62,D,NA,33
13100_41_62,E,NA,33
13100_44_50,A,NA,NA
13100_44_50,B,NA,33
13100_44_50,C,NA,33
13100_44_50,D,NA,33
13100_44_50,E,NA,33
13100_47,A,NA,NA
13100_47,B,NA,9
13100_47,C,NA,33
13100_47,D,NA,33
13100_47,E,NA,33
13100_49,A,NA,NA
13100_49,B,NA,33
13100_49,C,NA,33
13100_49,D,NA,33
13100_49,E,NA,33
13100_51,A,NA,NA
13100_51,B,NA,9
13100_51,C,NA,33
13100_51,D,NA,33
13100_51,E,NA,33
13100_52,A,NA,NA
13100_52,B,NA,33
13100_52,C,NA,33
13100_52,D,NA,33
13100_52,E,NA,33
13110_39,A,NA,NA
13110_39,B,NA,33
13110_39,C,NA,33
13110_39,D,NA,33
13110_39,E,NA,33
13110_42_43,A,NA,NA
13110_42_43,B,NA,9
13110_42_43,C,NA,33
13110_42_43,D,NA,33
13110_42_43,E,NA,33
13110_44,A,NA,NA
13110_44,B,NA,33
13110_44,C,NA,33
13110_44,D,NA,33
13110_44,E,NA,33
13110_49,A,NA,NA
13110_49,B,NA,9
13110_49,C,NA,33
13110_49,D,NA,33
13110_49,E,NA,33
13110_50,A,NA,NA
13110_50,B,NA,33
13110_50,C,NA,33
13110_50,D,NA,33
13110_50,E,NA,33
13110_51,A,NA,NA
13110_51,B,NA,9
13110_51,C,NA,33
13110_51,D,NA,33
13110_51,E,NA,33
13110_52,A,NA,NA
13110_52,B,NA,9
13110_52,C,NA,33
13110_52,E,NA,33
13120_44,A,NA,NA
13120_44,B,NA,21
13120_44,C,NA,21
13120_44,D,NA,33
13120_44,E,NA,33
13130_47_50_51,A,NA,9
13130_47_50_51,B,NA,21
13130_47_50_51,C,NA,33
13130_47_50_51,D,NA,33
13130_49_52_62,A,NA,9
13130_49_52_62,B,NA,21
13130_49_52_62,C,NA,33
13130_49_52_62,D,NA,33
13140_38_39_40_41_42_43_44_50,A,NA,9
13140_38_39_40_41_42_43_44_50,B,NA,21
13140_38_39_40_41_42_43_44_50,C,NA,33
13140_38_39_40_41_42_43_44_50,D,NA,33
13140_49,A,NA,9
13140_49,B,NA,21
13140_49,C,NA,33
13140_49,D,NA,33
13150_48_53_57_59_61,A,NA,5
13150_48_53_57_59_61,B,NA,21
13150_48_53_57_59_61,C,NA,21
13150_48_53_57_59_61,D,NA,33
13150_48_53_57_59_61,E,NA,33
13160_54_57_59_61,A,NA,5
13160_54_57_59_61,B,NA,21
13160_54_57_59_61,C,NA,21
13160_54_57_59_61,D,NA,33
13160_54_57_59_61,E,NA,33
13160_60,A,NA,5
13160_60,B,NA,21
13160_60,C,NA,21
13160_60,D,NA,33
13160_60,E,NA,33
13170_48_53,A,NA,NA
13170_48_53,B,NA,5
13170_48_53,C,NA,21
13170_48_53,D,NA,21
13170_48_53,E,NA,21
13170_57_61,A,NA,NA
13170_57_61,B,NA,5
13170_57_61,C,NA,21
13170_57_61,D,NA,21
13170_57_61,E,NA,21
13170_62,A,NA,NA
13170_62,B,NA,5
13170_62,C,NA,21
13170_62,D,NA,33
13180_48_53,A,NA,5
13180_48_53,B,NA,9
13180_48_53,C,NA,33
13180_48_53,D,NA,33
13180_57_59_61,A,NA,5
13180_57_59_61,B,NA,9
13180_57_59_61,C,NA,9
13180_57_59_61,D,NA,33
13180_57_59_61,E,NA,33
13200_48_57_61,A,4.5,NA
13200_48_57_61,B,NA,5
13200_48_57_61,C,NA,5
13200_48_57_61,D,NA,5
13200_48_57_61,E,NA,21
13210_47_48_53_57,A,NA,5
13210_47_48_53_57,B,NA,21
13210_47_48_53_57,C,NA,33
13210_47_48_53_57,D,NA,33
13210_49,A,NA,5
13210_49,B,NA,9
13210_49,C,NA,33
13210_61_63,A,NA,5
13210_61_63,B,NA,21
13210_61_63,C,NA,33
13210_61_63,D,NA,33
13210_61_63,E,NA,33
13210_62,A,NA,5
13210_62,B,NA,9
13210_62,C,NA,33
13220_45,A,NA,5
13220_45,B,NA,21
13220_45,C,NA,33
13220_45,D,NA,33
13230_32_36_37_44_45_98,A,4.5,NA
13230_32_36_37_44_45_98,B,NA,21
13230_32_36_37_44_45_98,C,NA,21
13230_32_36_37_44_45_98,D,NA,33
13230_32_36_37_44_45_98,E,NA,33
13240_60_65_66,A,4.5,NA
13240_60_65_66,B,NA,9
13240_60_65_66,C,NA,9
13240_60_65_66,D,NA,21
13240_60_65_66,E,NA,21
13250_46_47_48,A,NA,5
13250_46_47_48,B,NA,21
13250_46_47_48,C,NA,21
13250_46_47_48,D,NA,33
13250_46_47_48,E,NA,33
13260_47,A,NA,9
13260_47,B,NA,21
13260_47,C,NA,21
13260_47,D,NA,33
13260_47,E,NA,33
13260_49,A,4.5,NA
13260_49,B,NA,21
13260_49,C,NA,21
13260_49,D,NA,33
13270_45_46_47,A,NA,5
13270_45_46_47,B,NA,21
13270_45_46_47,C,NA,21
13270_45_46_47,D,NA,33
13270_45_46_47,E,NA,33
13280_46_99,A,NA,5
13280_46_99,B,NA,21
13280_46_99,C,NA,21
13280_46_99,D,NA,33
13280_46_99,E,NA,33
13290_45_46_99,A,NA,5
13290_45_46_99,B,NA,21
13290_45_46_99,C,NA,21
13290_45_46_99,D,NA,33
13290_45_46_99,E,NA,33
13300_46_48_54_55_56_99,A,NA,5
13300_46_48_54_55_56_99,B,NA,21
13300_46_48_54_55_56_99,C,NA,21
13300_46_48_54_55_56_99,D,NA,33
13300_46_48_54_55_56_99,E,NA,33
13310_39_40_41,A,NA,NA
13310_39_40_41,B,NA,NA
13310_39_40_41,C,NA,33
13330_56,A,NA,9
13330_56,B,NA,9
13330_56,C,NA,9
13330_56,D,NA,21
13330_56,E,NA,21
13340_32_43_44,A,NA,5
13340_32_43_44,B,NA,9
13340_32_43_44,C,NA,21
13350_55_58_60,A,NA,5
13350_55_58_60,B,NA,21
13350_55_58_60,C,NA,21
13350_55_58_60,D,NA,33
13350_55_58_60,E,NA,33
13360_56,A,NA,NA
13360_56,B,NA,NA
13360_56,C,4.5,NA
13360_56,D,NA,9
13360_56,E,NA,33
13370_56,A,NA,NA
13370_56,B,NA,NA
13370_56,C,4.5,NA
13370_56,D,NA,9
13370_56,E,NA,33
13380_36,A,NA,21
13380_36,B,NA,33
13390_36_37_98,A,NA,NA
13390_36_37_98,B,NA,NA
13390_36_37_98,C,NA,33
13400_61,A,NA,NA
13400_61,B,4.5,NA
13400_61,C,NA,5
13420_59,A,NA,5
13420_59,B,NA,21
13420_59,C,NA,21
13420_59,D,NA,33
13420_59,E,NA,33
13430_54_55,A,NA,5
13430_54_55,B,NA,21
13430_54_55,C,NA,21
13430_54_55,D,NA,33
13430_54_55,E,NA,33
13430_58_60,A,NA,5
13430_58_60,B,NA,21
13430_58_60,C,NA,21
13430_58_60,D,NA,33
13430_58_60,E,NA,33
13440_41,A,NA,5
13440_41,B,NA,5
13440_41,C,NA,21
13440_41,D,NA,21
13440_41,E,NA,33
13440_66,A,NA,9
13440_66,B,NA,21
13440_66,C,NA,21
13440_66,D,NA,33
13440_66,E,NA,33
13441_51,A,NA,5
13441_51,B,NA,10
13441_51,C,NA,10
13441_51,D,NA,21
13442_51,A,4.5,NA
13442_51,B,NA,21
13442_51,C,NA,21
13442_51,D,NA,33
13460_54_55_58,A,NA,NA
13460_54_55_58,B,NA,21
13460_54_55_58,C,NA,33
13460_54_55_58,D,NA,33
13460_54_55_58,E,NA,33
13470_55_58_60,A,NA,NA
13470_55_58_60,B,NA,21
13470_55_58_60,C,NA,33
13470_55_58_60,D,NA,33
13470_55_58_60,E,NA,33
13480_37_45_98,A,NA,5
13480_37_45_98,B,NA,21
13480_37_45_98,C,NA,21
13480_37_45_98,D,NA,33
13480_37_45_98,E,NA,33
13490_46_48_54_55_99,A,NA,5
13490_46_48_54_55_99,B,NA,21
13490_46_48_54_55_99,C,NA,21
13490_46_48_54_55_99,D,NA,33
13490_46_48_54_55_99,E,NA,33
13500_57,A,NA,9
13500_57,B,NA,21
13500_57,C,NA,33
13500_57,D,NA,33
13500_57,E,NA,33
13500_61,A,NA,9
13500_61,B,NA,21
13500_61,C,NA,33
13500_61,D,NA,33
13510_48_54_59,A,NA,5
13510_48_54_59,B,NA,21
13510_48_54_59,C,NA,21
13510_48_54_59,D,NA,33
13510_48_54_59,E,NA,33
13520_53_54_57_59_60_61,A,NA,5
13520_53_54_57_59_60_61,B,NA,21
13520_53_54_57_59_60_61,C,NA,21
13520_53_54_57_59_60_61,D,NA,33
13520_53_54_57_59_60_61,E,NA,33
13530_46_48_53_54_57_59_60_61,A,NA,5
13530_46_48_53_54_57_59_60_61,B,NA,9
13530_46_48_53_54_57_59_60_61,C,NA,9
13530_46_48_53_54_57_59_60_61,D,NA,21
13530_46_48_53_54_57_59_60_61,E,NA,21
13530_47,A,NA,21
13530_47,B,NA,9
13530_47,C,NA,21
13530_47,D,NA,33
13530_47,E,NA,33
13540_64_66,A,NA,NA
13540_64_66,B,NA,9
13540_64_66,C,NA,9
13540_64_66,D,NA,21
13540_64_66,E,NA,21
13550_60_65,A,NA,NA
13550_60_65,B,NA,9
13550_60_65,C,NA,9
13550_60_65,D,NA,21
13550_60_65,E,NA,21
13560_55_56_99,A,NA,5
13560_55_56_99,B,NA,9
13560_55_56_99,C,NA,21
13560_55_56_99,D,NA,33
13560_55_56_99,E,NA,33
13570_46_47_55_58_99,A,NA,5
13570_46_47_55_58_99,B,NA,21
13570_46_47_55_58_99,C,NA,21
13570_46_47_55_58_99,D,NA,33
13570_46_47_55_58_99,E,NA,33
13580_35_36,A,NA,5
13580_35_36,B,NA,21
13580_35_36,C,NA,21
13580_35_36,D,NA,33
13580_35_36,E,NA,33
13600_56,A,NA,9
13600_56,B,NA,9
13600_56,C,NA,21
13600_56,D,NA,21
13600_56,E,NA,21
13610_58_60,A,NA,5
13610_58_60,B,NA,9
13610_58_60,C,NA,5
13610_58_60,D,NA,21
13610_58_60,E,NA,21
13620_41_50,A,NA,5
13620_41_50,B,NA,21
13620_41_50,C,NA,21
13620_41_50,D,NA,22
13620_41_50,E,NA,22
13620_51_63_64_65_66,A,NA,9
13620_51_63_64_65_66,B,NA,21
13620_51_63_64_65_66,C,NA,21
13620_51_63_64_65_66,D,NA,33
13622_41_50,A,NA,NA
13622_41_50,B,NA,9
13622_41_50,C,NA,21
13622_41_50,D,NA,33
13622_41_50,E,NA,33
13630_47_53,A,NA,NA
13630_47_53,B,NA,21
13630_47_53,C,NA,21
13630_47_53,D,NA,33
13630_47_53,E,NA,33
13640_32_44_49,A,NA,NA
13640_32_44_49,B,NA,21
13640_32_44_49,D,NA,33
13640_32_44_49,E,NA,33
13651_40_41_50,A,NA,9
13651_40_41_50,B,NA,9
13651_40_41_50,C,NA,21
13651_40_41_50,D,NA,33
13651_51,A,NA,9
13651_51,B,NA,9
13651_51,C,NA,21
13651_51,D,NA,33
13652_41,A,NA,9
13652_41,B,NA,9
13652_41,C,NA,21
13652_41,D,NA,33
13652_51,A,NA,9
13652_51,B,NA,9
13652_51,C,NA,21
13652_51,D,NA,33
13653_41,A,NA,5
13653_41,B,NA,9
13653_41,C,NA,21
13653_41,D,NA,21
13653_41,E,NA,21
13660_50,NA,NA,NA
13660_51_63_64_65_66,A,4.5,NA
13660_51_63_64_65_66,B,NA,5
13660_51_63_64_65_66,C,NA,21
13660_51_63_64_65_66,D,NA,33
13670_32_44,NA,NA,NA
13680_46_48_54_57_59_60_61,NA,NA,NA
13690_60_61_63_64_65_66,A,NA,5
13690_60_61_63_64_65_66,B,NA,21
13690_60_61_63_64_65_66,C,NA,21
13690_60_61_63_64_65_66,D,NA,33
13690_60_61_63_64_65_66,E,NA,33
13700_53_61_62,A,NA,9
13700_53_61_62,B,NA,33
13700_53_61_62,C,NA,33
13700_53_61_62,D,NA,33
13700_60_63_64_65_66,A,NA,9
13700_60_63_64_65_66,B,NA,33
13700_60_63_64_65_66,C,NA,33
13700_60_63_64_65_66,D,NA,33
13710_32_36_37_45_98,A,NA,5
13710_32_36_37_45_98,B,NA,21
13710_32_36_37_45_98,C,NA,21
13710_32_36_37_45_98,D,NA,33
13710_32_36_37_45_98,E,NA,33
13710_44,A,NA,5
13710_44,B,NA,9
13710_44,C,NA,9
13710_44,D,NA,21
13710_44,E,NA,21
13720_46_99,A,NA,5
13720_46_99,B,NA,21
13720_46_99,C,NA,21
13720_46_99,D,NA,33
13720_46_99,E,NA,33
13730_63_64,A,NA,9
13730_63_64,B,NA,21
13730_63_64,C,NA,21
13730_63_64,D,NA,33
13730_63_64,E,NA,33
13730_65_66,A,NA,5
13730_65_66,B,NA,9
13730_65_66,C,NA,21
13730_65_66,D,NA,33
13730_65_66,E,NA,33
13740_64_65_66,A,NA,5
13740_64_65_66,B,NA,9
13740_64_65_66,C,NA,21
13740_64_65_66,D,NA,33
13740_64_65_66,E,NA,33
13750_60,A,NA,5
13750_60,B,NA,9
13750_60,C,NA,33
13750_60,D,NA,33
13750_60,E,NA,33
13760_48_53_57_61,A,NA,5
13760_48_53_57_61,B,NA,21
13760_48_53_57_61,C,NA,21
13760_48_53_57_61,D,NA,33
13760_48_53_57_61,E,NA,33
13770_60_61_63_64_65_66,A,NA,NA
13770_60_61_63_64_65_66,B,NA,5
13770_60_61_63_64_65_66,C,NA,21
13770_60_61_63_64_65_66,D,NA,21
13780_37_44,A,NA,5
13780_37_44,B,NA,9
13780_37_44,C,NA,9
13780_37_44,D,NA,33
13780_37_44,E,NA,33
13790_60_65,A,NA,NA
13790_60_65,B,NA,9
13790_60_65,C,NA,NA
13790_60_65,D,NA,33
13790_60_65,E,NA,33
13800_55_99,A,4.5,NA
13800_55_99,B,NA,NA
13800_55_99,C,NA,9
13800_55_99,D,NA,21
13800_55_99,E,NA,33
13810_45,A,NA,NA
13810_45,B,NA,9
13810_45,C,NA,9
13810_45,D,NA,21
13810_45,E,NA,21
13820_55_58,A,NA,5
13820_55_58,B,NA,33
13820_55_58,C,NA,33
13820_55_58,D,NA,NA
13820_55_58,E,NA,NA
13830_32_35_36,A,NA,NA
13830_32_35_36,B,NA,NA
13830_32_35_36,C,NA,21
13830_32_35_36,D,NA,33
13830_32_35_36,E,NA,33
13840_98,A,4.5,NA
13840_98,B,NA,NA
13840_98,C,NA,9
13840_98,D,NA,21
13840_98,E,NA,33
13850_20,A,NA,NA
13850_20,B,NA,5
13850_20,C,NA,33
13850_29_30,A,NA,NA
13850_29_30,B,NA,5
13850_29_30,C,NA,33
13850_31_39_40_42,A,NA,NA
13850_31_39_40_42,B,NA,5
13850_31_39_40_42,C,NA,33
13860_66,A,NA,NA
13860_66,B,NA,NA
13870_55_56,A,NA,5
13870_55_56,B,NA,9
13870_55_56,C,NA,9
13870_55_56,D,NA,21
13870_55_56,E,NA,21
13890_64_66,A,NA,NA
13890_64_66,B,NA,NA
13890_64_66,C,NA,NA
13890_64_66,D,NA,9
13900_35_36,A,NA,NA
13900_35_36,B,NA,NA
13900_35_36,C,NA,33
13920_35,A,NA,NA
13920_36,A,NA,NA
13930_26_34,A,NA,NA
13930_26_34,B,NA,NA
13930_26_34,C,NA,NA
13930_32_35,A,NA,NA
13930_32_35,B,NA,NA
13930_32_35,C,NA,NA
13940_39_40_41,A,NA,21
13940_39_40_41,B,NA,33
13940_39_40_41,C,NA,33
13940_39_40_41,D,NA,33
13940_42,A,NA,21
13940_42,B,NA,33
13940_42,C,NA,33
13940_42,D,NA,33
13940_44_49,A,NA,21
13940_44_49,B,NA,33
13940_44_49,C,NA,33
13940_44_49,D,NA,33
13940_50_51,A,4.5,NA
13940_50_51,B,NA,21
13940_50_51,C,NA,33
13940_50_51,D,NA,33
13940_50_51,E,NA,33
13940_52,A,NA,21
13940_52,B,NA,33
13940_52,C,NA,33
13940_52,D,NA,33
13950_41_42_43_49_52,A,4.5,NA
13950_41_42_43_49_52,B,NA,33
13950_41_42_43_49_52,C,NA,33
13950_41_42_43_49_52,D,NA,33
13950_50,A,4.5,NA
13950_50,B,NA,21
13950_50,C,NA,33
13950_50,D,NA,33
13950_50,E,NA,33
13950_51,A,4.5,NA
13950_51,B,NA,21
13950_51,C,NA,33
13950_51,D,NA,33
13950_51,E,NA,33
13970_48,A,4.5,NA
13970_48,B,NA,9
13970_48,C,NA,21
13970_48,D,NA,33
13970_48,E,NA,21
14000_60_61,A,NA,NA
14000_60_61,B,NA,5
14000_60_61,C,NA,9
14000_60_61,D,NA,33
14000_63,A,NA,NA
14000_63,B,NA,5
14000_63,C,NA,9
14000_63,D,NA,33
14000_64,A,NA,NA
14000_64,B,NA,5
14000_64,C,NA,9
14000_64,D,NA,33
14010_43_44_47_48_53,A,4.5,NA
14010_43_44_47_48_53,B,NA,9
14010_43_44_47_48_53,C,NA,21
14010_43_44_47_48_53,D,NA,33
14010_43_44_47_48_53,E,NA,21
14010_49,A,4.5,NA
14010_49,B,NA,9
14010_49,C,NA,21
14010_49,D,NA,33
14010_49,E,NA,21
14071_41_50_51,A,NA,NA
14071_41_50_51,B,NA,9
14071_41_50_51,C,NA,9
14071_41_50_51,D,NA,33
14071_41_50_51,E,NA,33
14072_41_50_51,A,NA,NA
14072_41_50_51,B,NA,5
14072_41_50_51,C,NA,21
14072_41_50_51,D,NA,21
14080_48,A,4.5,NA
14080_48,B,NA,9
14080_48,C,NA,21
14080_48,D,NA,33
14080_48,E,NA,21
14090_50_64,A,NA,NA
14090_50_64,B,NA,21
14090_50_64,C,NA,33
14100_35,A,NA,NA
14100_35,B,NA,5
14100_35,C,NA,21
14110_49_51_52,A,NA,NA
14110_49_51_52,B,NA,NA
14110_49_51_52,C,NA,33
14120_39_40_41_42_43_50_51,A,NA,NA
14120_39_40_41_42_43_50_51,B,4.5,NA
14120_39_40_41_42_43_50_51,C,NA,9
14120_49,A,NA,NA
14120_49,B,4.5,NA
14120_49,C,NA,9
14120_52,A,NA,NA
14120_52,B,4.5,NA
14120_52,C,NA,9
14130_47,A,NA,NA
14130_47,B,NA,9
14130_47,C,NA,33
14130_47,D,NA,33
14130_47,E,NA,33
14140_57,A,NA,NA
14140_57,B,NA,NA
14140_57,C,NA,NA
14140_57,D,NA,33
14140_57,E,NA,33
14151_44,A,NA,NA
14151_44,B,NA,5
14151_44,C,NA,21
14152_44,A,NA,NA
14152_44,B,NA,9
14152_44,C,NA,9
14152_44,D,NA,33
14152_44,E,NA,33
14160_48,A,NA,NA
14160_48,B,NA,9
14160_48,C,NA,33
14160_48,D,NA,33
14160_48,E,NA,33
14170_48,A,NA,NA
14170_48,B,NA,9
14170_48,C,NA,33
14170_48,D,NA,33
14170_48,E,NA,33
14180_47,A,NA,NA
14180_47,B,NA,NA
14180_47,C,NA,33
14180_47,D,NA,NA
14200_39_40_42,A,NA,NA
14200_39_40_42,B,NA,NA
14200_39_40_42,C,NA,NA
14200_39_40_42,D,NA,NA
14200_41,A,NA,NA
14200_41,B,NA,NA
14200_41,C,NA,NA
14210_31_38_42_43_44_50_51,A,NA,NA
14210_31_38_42_43_44_50_51,B,NA,NA
14210_31_38_42_43_44_50_51,C,NA,NA
14210_49_52,A,NA,NA
14210_49_52,B,NA,NA
14210_49_52,C,NA,NA
14220_32_35_36_37,A,NA,NA
14220_32_35_36_37,B,NA,NA
14220_32_35_36_37,C,NA,NA
14230_32_35,A,NA,NA
14230_32_35,B,NA,NA
14230_32_35,C,NA,33
14230_38,A,NA,NA
14230_38,B,NA,NA
14230_38,C,NA,33
14230_43_44,A,NA,NA
14230_43_44,B,NA,NA
14230_43_44,C,NA,33
14250_56,A,NA,NA
14250_56,B,NA,NA
14250_56,C,NA,9
14260_58,A,NA,NA
14260_58,B,NA,5
14260_58,C,NA,21
14260_58,D,NA,33
14260_58,E,NA,9
14270_47,A,NA,NA
14270_47,B,NA,9
14270_47,C,NA,33
14270_47,D,NA,33
14270_47,E,NA,33
14280_37_44,A,NA,NA
14280_37_44,B,NA,NA
14280_37_44,C,NA,33
14280_37_44,D,NA,33
14290_37_45,A,4.5,NA
14290_37_45,B,NA,5
14290_37_45,C,NA,21
14300_46,A,NA,NA
14300_46,B,NA,5
14300_46,C,NA,9
14300_46,D,NA,21
14300_46,E,NA,21
14320_45,A,NA,9
14320_45,B,NA,9
14320_45,C,NA,9
14320_45,D,NA,9
14340_36,A,NA,NA
14340_36,B,NA,NA
14340_37_98,A,NA,NA
14340_37_98,B,NA,NA
14340_37_98,C,NA,NA
14340_37_98,D,NA,NA
14350_99,A,NA,NA
14350_99,B,NA,NA
14350_99,C,NA,NA
14360_60,A,NA,NA
14360_60,B,NA,5
14360_60,C,NA,21
14360_60,D,NA,33
14360_60,E,NA,9
14360_65_66,A,NA,NA
14360_65_66,B,NA,5
14360_65_66,C,NA,9
14370_36,A,NA,NA
14370_36,B,NA,NA
14370_36,C,NA,NA
14380_36,A,NA,NA
14380_36,B,NA,NA
14380_36,C,NA,21
14390_36,A,NA,NA
14400_36,A,NA,NA
14400_36,B,NA,NA
14400_36,C,NA,NA
14420_36,A,NA,NA
14420_36,B,NA,NA
14420_36,C,NA,NA
14440_41_50_51,A,4.5,NA
14440_41_50_51,B,NA,5
14440_41_50_51,C,NA,21
14440_41_50_51,D,NA,33
14450_56,A,NA,NA
14450_56,B,NA,33
14450_56,C,NA,33
14460_56,A,NA,9
14460_56,B,NA,21
14460_56,C,NA,21
14460_56,D,NA,21
14460_56,E,NA,21
14470_56,A,NA,5
14470_56,B,NA,9
14470_56,C,NA,9
14470_56,D,NA,21
14470_56,E,NA,21
14490_58_60,A,NA,5
14490_58_60,B,NA,21
14490_58_60,C,NA,21
14490_58_60,D,NA,33
14490_58_60,E,NA,33
14500_55_58,A,NA,5
14500_55_58,B,NA,21
14500_55_58,C,NA,21
14500_55_58,D,NA,33
14500_55_58,E,NA,33
14510_37_98,A,NA,5
14510_37_98,B,NA,21
14510_37_98,C,NA,21
14510_37_98,D,NA,33
14510_37_98,E,NA,33
14520_58_60,A,NA,NA
14520_58_60,B,NA,5
14520_58_60,C,NA,5
14520_58_60,D,NA,21
14520_58_60,E,NA,21
14530_55_56,A,NA,5
14530_55_56,B,NA,9
14530_55_56,C,NA,21
14530_55_56,D,NA,21
14530_55_56,E,NA,21
14540_55_56_99,A,NA,5
14540_55_56_99,B,NA,21
14540_55_56_99,C,NA,21
14540_55_56_99,D,NA,33
14540_55_56_99,E,NA,33
14550_46_99,A,NA,9
14550_46_99,B,NA,21
14550_46_99,C,NA,21
14550_46_99,D,NA,33
14550_46_99,E,NA,33
14570_47_48,A,NA,5
14570_47_48,B,NA,21
14570_47_48,C,NA,21
14570_47_48,D,NA,33
14570_47_48,E,NA,33
14570_49,A,NA,9
14570_49,B,NA,21
14570_49,C,NA,33
14580_37_44_45_98,A,NA,5
14580_37_44_45_98,B,NA,21
14580_37_44_45_98,C,NA,21
14580_37_44_45_98,D,NA,33
14580_37_44_45_98,E,NA,33
14590_58,A,NA,NA
14590_58,B,NA,21
14590_58,C,NA,21
14600_55_56_99,A,NA,5
14600_55_56_99,B,NA,21
14600_55_56_99,C,NA,21
14600_55_56_99,D,NA,33
14600_55_56_99,E,NA,33
14610_46_55_56_99,A,NA,5
14610_46_55_56_99,B,NA,21
14610_46_55_56_99,C,NA,21
14610_46_55_56_99,D,NA,33
14610_46_55_56_99,E,NA,33
14660_49,A,NA,NA
14660_49,B,NA,NA
14660_49,C,NA,21
14660_50_51,A,NA,NA
14660_50_51,B,NA,NA
14660_50_51,C,NA,33
14660_50_51,D,NA,33
14670_36,A,NA,NA
14670_36,B,NA,9
14670_36,C,NA,21
14680_46_55_58_99,A,NA,5
14680_46_55_58_99,B,NA,21
14680_46_55_58_99,C,NA,21
14680_46_55_58_99,D,NA,33
14680_46_55_58_99,E,NA,33
14680_60,A,NA,5
14680_60,B,NA,21
14680_60,C,NA,21
14680_60,D,NA,33
14680_60,E,NA,33
14690_31_39_40_43,A,NA,5
14690_31_39_40_43,B,NA,21
14690_31_39_40_43,C,NA,33
14690_31_39_40_43,D,NA,33
14690_38_42_49,A,NA,5
14690_38_42_49,B,NA,21
14690_38_42_49,C,NA,33
14690_38_42_49,D,NA,33
14700_56,A,NA,NA
14700_56,B,NA,5
14700_56,C,NA,5
14700_56,D,NA,9
14700_56,E,NA,9
14710_32_35,A,NA,9
14710_32_35,B,NA,33
14710_41_50,A,NA,5
14710_41_50,B,NA,5
14710_41_50,C,NA,21
14710_41_50,D,NA,33
14710_42_43,A,NA,NA
14710_42_43,B,NA,5
14710_42_43,C,NA,21
14710_42_43,D,NA,33
14710_44,A,NA,NA
14710_44,B,NA,5
14710_44,C,NA,21
14710_44,D,NA,33
14710_47_48_53_54_57_59_60_61_63,A,NA,9
14710_47_48_53_54_57_59_60_61_63,B,NA,21
14710_47_48_53_54_57_59_60_61_63,C,NA,21
14710_47_48_53_54_57_59_60_61_63,D,NA,33
14710_47_48_53_54_57_59_60_61_63,E,NA,33
14710_49_52,A,NA,5
14710_49_52,B,NA,5
14710_49_52,C,NA,21
14710_49_52,D,NA,33
14710_51_62,A,NA,5
14710_51_62,B,NA,5
14710_51_62,C,NA,21
14710_51_62,D,NA,33
14710_64_65,A,NA,9
14710_64_65,B,NA,21
14710_64_65,C,NA,21
14710_64_65,D,NA,33
14710_64_65,E,NA,33
14712_44,A,NA,9
14712_44,B,NA,33
14712_44,C,NA,33
14720_32_35,A,NA,5
14720_32_35,B,NA,21
14720_32_35,C,NA,33
14720_44_46_47_48,A,NA,9
14720_44_46_47_48,B,NA,21
14720_44_46_47_48,C,NA,21
14720_44_46_47_48,D,NA,33
14720_44_46_47_48,E,NA,33
14720_49,A,NA,9
14720_49,B,NA,21
14720_49,C,NA,21
14720_49,D,NA,NA
14720_49,E,NA,33
14720_53_54_57_59_60,A,NA,9
14720_53_54_57_59_60,B,NA,21
14720_53_54_57_59_60,C,NA,21
14720_53_54_57_59_60,D,NA,33
14720_53_54_57_59_60,E,NA,33
14720_61_62_63,A,NA,9
14720_61_62_63,B,NA,21
14720_61_62_63,C,NA,21
14720_61_62_63,D,NA,NA
14720_61_62_63,E,NA,33
14720_64_65_66,A,NA,9
14720_64_65_66,B,NA,21
14720_64_65_66,C,NA,21
14720_64_65_66,D,NA,33
14720_64_65_66,E,NA,33
14730_32_37_44,A,NA,5
14730_32_37_44,B,NA,21
14730_32_37_44,C,NA,21
14730_32_37_44,D,NA,33
14730_36,A,NA,5
14730_36,B,NA,21
14730_36,C,NA,21
14730_36,D,NA,33
14730_45_46_47_98_99,A,NA,5
14730_45_46_47_98_99,B,NA,33
14730_45_46_47_98_99,C,NA,33
14730_45_46_47_98_99,D,NA,33
14730_55_58_60,A,NA,5
14730_55_58_60,B,NA,33
14730_55_58_60,C,NA,33
14730_55_58_60,D,NA,33
14740_32_37_44_45_98,A,NA,9
14740_32_37_44_45_98,B,NA,21
14740_32_37_44_45_98,C,NA,33
14740_36,A,NA,9
14740_36,B,NA,21
14740_46_47_48_55_56_58_60_99,A,NA,9
14740_46_47_48_55_56_58_60_99,B,NA,21
14740_46_47_48_55_56_58_60_99,C,NA,21
14740_46_47_48_55_56_58_60_99,D,NA,33
14740_46_47_48_55_56_58_60_99,E,NA,33
14750_41_50_51_63_64_65_66,A,NA,5
14750_41_50_51_63_64_65_66,B,NA,5
14750_41_50_51_63_64_65_66,C,NA,21
14750_41_50_51_63_64_65_66,D,NA,33
14760_36,A,NA,NA
14760_36,B,NA,9
14760_36,C,NA,33
14770_40_41_50_51,A,NA,NA
14770_40_41_50_51,B,NA,NA
14770_40_41_50_51,C,NA,NA
14770_40_41_50_51,D,NA,NA
14770_40_41_50_51,E,NA,NA
14770_63_64_65_66,A,NA,NA
14770_63_64_65_66,B,NA,NA
14770_63_64_65_66,C,NA,NA
14770_63_64_65_66,D,NA,NA
14770_63_64_65_66,E,NA,NA
14780_56,A,NA,NA
14780_56,B,NA,21
14780_56,C,NA,33
14780_56,D,NA,9
14790_41_42_47_48_50_51_53,A,NA,NA
14790_41_42_47_48_50_51_53,B,NA,33
14790_41_42_47_48_50_51_53,C,NA,33
14790_52_62,A,NA,NA
14790_52_62,B,NA,33
14790_52_62,C,NA,33
14790_60_61_63_64_65_66,A,NA,NA
14790_60_61_63_64_65_66,B,NA,33
14790_60_61_63_64_65_66,C,NA,33
14800_36_37_44,A,NA,5
14800_36_37_44,B,NA,33
14800_36_37_44,C,NA,33
14800_36_37_44,D,NA,33
14800_45_98,A,NA,5
14800_45_98,B,NA,33
14800_45_98,C,NA,33
14800_45_98,D,NA,33
14800_46_56_58_60_64_65_66,A,NA,NA
14800_46_56_58_60_64_65_66,B,NA,21
14800_46_56_58_60_64_65_66,C,NA,33
14800_47,A,NA,NA
14800_47,B,NA,21
14800_47,C,NA,33
14800_55_99,A,NA,NA
14800_55_99,B,NA,21
14800_55_99,C,NA,33
14810_41_50_51_63,A,NA,5
14810_41_50_51_63,B,NA,9
14810_41_50_51_63,C,NA,9
14810_41_50_51_63,D,NA,21
14820_30,A,NA,NA
14820_30,B,NA,NA
14820_39_40,A,NA,NA
14820_39_40,B,NA,NA
14830_56,A,NA,NA
14830_56,B,NA,5
14830_56,C,NA,NA
14830_56,D,NA,5
14850_55_99,A,NA,5
14850_55_99,B,NA,21
14850_55_99,C,NA,21
14850_55_99,D,NA,33
14850_55_99,E,NA,21
14860_36,A,NA,NA
14860_36,B,NA,NA
14860_36,C,NA,NA
14880_38_42_43,A,NA,NA
14890_55_56_99,NA,NA,NA
14900_36,A,NA,NA
14900_36,B,NA,NA
14900_37_98,A,NA,NA
14900_37_98,B,NA,NA
14900_55_56_58_99,A,NA,NA
14900_55_56_58_99,B,NA,NA
14900_55_56_58_99,C,NA,9
14900_55_56_58_99,D,NA,NA
14900_60,A,NA,NA
14900_60,B,NA,NA
14900_60,C,NA,9
14900_60,D,NA,NA
14900_65_66,A,NA,NA
14900_65_66,B,NA,NA
14900_65_66,C,NA,NA
14920_41_50_51_52_63,A,NA,NA
14920_41_50_51_52_63,B,NA,NA
14920_41_50_51_52_63,C,NA,NA
14930_41_42_44_50,A,NA,NA
14930_41_42_44_50,B,NA,NA
14930_41_42_44_50,C,NA,NA
14930_41_42_44_50,D,NA,21
14930_52_62,A,NA,NA
14930_52_62,B,NA,NA
14930_52_62,C,NA,NA
14930_52_62,D,NA,21
14940_41_50_51,A,NA,NA
14940_41_50_51,B,NA,NA
14940_41_50_51,C,NA,NA
14940_41_50_51,D,NA,21
14940_63_65_66,A,NA,NA
14940_63_65_66,B,NA,NA
14940_63_65_66,C,NA,NA
14940_63_65_66,D,NA,21
14940_64,A,NA,NA
14940_64,B,NA,NA
14940_64,C,NA,NA
14940_64,D,NA,21
14950_20,A,NA,NA
14950_20,B,NA,NA
14950_27_33,A,NA,NA
14950_27_33,B,NA,NA
14950_30,A,NA,NA
14950_30,B,NA,NA
14950_31_39_40,A,NA,NA
14950_31_39_40,B,NA,NA
14950_35,A,NA,NA
14950_36,A,NA,NA
14950_38,NA,NA,NA
14951_26_34,A,NA,NA
14952_34,A,NA,NA
14952_34,B,NA,NA
15010_58_60,A,NA,5
15010_58_60,B,NA,9
15010_58_60,C,NA,21
15010_58_60,D,NA,33
15010_58_60,E,NA,33
15030_25_27,A,NA,NA
15030_25_27,B,NA,NA
15030_25_27,C,NA,NA
15030_26,A,NA,NA
15030_26,B,NA,NA
15030_26,C,NA,NA
15040_25_27,A,NA,NA
15040_25_27,B,NA,NA
15040_32_35,A,NA,NA
15041_26_34,A,NA,NA
15042_26_34,A,NA,NA
15042_26_34,B,NA,NA
15042_26_34,C,NA,NA
15060_37_44,A,NA,5
15060_37_44,B,NA,21
15060_37_44,C,NA,33
15060_37_44,D,NA,33
15070_44,A,NA,NA
15070_44,B,NA,9
15070_44,C,NA,21
15070_44,D,NA,33
15070_44,E,NA,33
15090_45_47,A,NA,5
15090_45_47,B,NA,21
15090_45_47,C,NA,33
15090_45_47,D,NA,33
15100_45,A,NA,5
15100_45,B,NA,21
15100_45,C,NA,21
15100_45,D,NA,33
15100_45,E,NA,33
15130_45,NA,NA,NA
15170_42_49_50,A,NA,NA
15170_42_49_50,B,NA,NA
15170_42_49_50,C,NA,NA
15170_42_49_50,D,NA,NA
15170_42_49_50,E,NA,NA
15180_43_47_49_52_62_63_64_65,A,NA,9
15180_43_47_49_52_62_63_64_65,B,NA,21
15180_43_47_49_52_62_63_64_65,C,NA,33
15190_32_35_36_37,A,NA,NA
15190_32_35_36_37,B,NA,5
15190_32_35_36_37,C,NA,33
15190_32_35_36_37,D,NA,33
15190_32_35_36_37,E,NA,33
15230_32_35,A,NA,NA
15230_32_35,B,NA,NA
15230_32_35,C,NA,33
15230_32_35,D,NA,21
15230_32_35,E,NA,33
15240_35,A,NA,5
15240_35,B,NA,9
15240_35,C,NA,33
15250_35,A,NA,5
15250_35,B,NA,21
15260_64_65_66,A,NA,5
15260_64_65_66,C,NA,9
15260_64_65_66,D,NA,21
16011_67_68_69_70_71_72_73_74_76_78,A,NA,NA
16011_67_68_69_70_71_72_73_74_76_78,B,NA,NA
16011_67_68_69_70_71_72_73_74_76_78,C,NA,NA
16012_73_74_75_77_78,A,NA,NA
16012_73_74_75_77_78,B,NA,NA
16012_73_74_75_77_78,C,NA,NA
16013_68_69_70_72_73_74_76,A,NA,NA
16013_68_69_70_72_73_74_76,B,NA,NA
16030_67_68_69_70_71_72_73_74_75_76_77_78,A,NA,NA
16030_67_68_69_70_71_72_73_74_75_76_77_78,B,NA,NA
16030_67_68_69_70_71_72_73_74_75_76_77_78,C,NA,NA
16030_67_68_69_70_71_72_73_74_75_76_77_78,D,NA,NA
16030_67_68_69_70_71_72_73_74_75_76_77_78,E,NA,NA
16041_68_69_70_71_72_73_74_75_76_77_78,A,NA,NA
16041_68_69_70_71_72_73_74_75_76_77_78,B,NA,NA
16041_68_69_70_71_72_73_74_75_76_77_78,C,NA,NA
16041_68_69_70_71_72_73_74_75_76_77_78,D,NA,NA
16041_68_69_70_71_72_73_74_75_76_77_78,E,NA,NA
16042_73_74_75_76_77_78,A,NA,NA
16042_73_74_75_76_77_78,B,NA,NA
16042_73_74_75_76_77_78,C,NA,NA
16042_73_74_75_76_77_78,D,NA,NA
16042_73_74_75_76_77_78,E,NA,NA
16050_67_68_69_70_71_72_73_74_75_76_77_78_80,A,NA,NA
16050_67_68_69_70_71_72_73_74_75_76_77_78_80,B,NA,NA
16050_67_68_69_70_71_72_73_74_75_76_77_78_80,C,NA,NA
16050_67_68_69_70_71_72_73_74_75_76_77_78_80,D,NA,NA
16050_67_68_69_70_71_72_73_74_75_76_77_78_80,E,NA,NA
16061_70_71_73_74_75_76_77_78,A,NA,NA
16061_70_71_73_74_75_76_77_78,B,NA,NA
16061_70_71_73_74_75_76_77_78,C,NA,NA
16061_70_71_73_74_75_76_77_78,D,NA,NA
16062_74,A,NA,NA
16062_74,B,NA,9
16090_68_69_70_71_72_73_74_75_76_77_78,A,NA,NA
16090_68_69_70_71_72_73_74_75_76_77_78,B,NA,NA
16091_68_69_70_71_72_73_74_75_76,A,NA,NA
16091_68_69_70_71_72_73_74_75_76,B,NA,NA
16101_68_69_70_71_72_73_74_75_76_77,A,NA,NA
16101_68_69_70_71_72_73_74_75_76_77,B,NA,NA
16102_73_74_75_76_77,A,NA,NA
16102_73_74_75_76_77,B,NA,NA
16110_68_69_70_71_72_73_74_75_76_77_78_80,A,NA,NA
16120_70_71_73_74,A,NA,NA
16120_70_71_73_74,B,NA,NA
16130_68,A,NA,NA
16130_68,B,NA,NA
16141_68_69_70_71_72_73_74_76_78,A,NA,NA
16141_68_69_70_71_72_73_74_76_78,B,NA,NA
16141_68_69_70_71_72_73_74_76_78,C,NA,NA
16141_68_69_70_71_72_73_74_76_78,D,NA,NA
16141_68_69_70_71_72_73_74_76_78,E,NA,NA
16142_73_74_75_76_77_78,A,NA,NA
16142_73_74_75_76_77_78,B,NA,NA
16142_73_74_75_76_77_78,C,NA,NA
16142_73_74_75_76_77_78,D,NA,NA
16142_73_74_75_76_77_78,E,NA,NA
16150_68_69_70_71_72_73_74_75_76_77_80,A,NA,NA
16150_68_69_70_71_72_73_74_75_76_77_80,B,NA,NA
16150_68_69_70_71_72_73_74_75_76_77_80,C,NA,NA
16150_68_69_70_71_72_73_74_75_76_77_80,D,NA,NA
16150_68_69_70_71_72_73_74_75_76_77_80,E,NA,NA
16160_70_71_72_73_74_75_76_77_78_80,A,NA,NA
16160_70_71_72_73_74_75_76_77_78_80,B,NA,NA
16160_70_71_72_73_74_75_76_77_78_80,C,NA,NA
16180_68_70_71_72_73_74_75_76_77_78,A,NA,NA
16200_68_69_70_71_72_73_74_75_76_77_78,A,NA,NA
16210_68_69_70_71_72_73_74_75_76_77,A,NA,NA
16210_68_69_70_71_72_73_74_75_76_77,B,NA,NA
16240_68_69_70_71_72_73_74_75_76_77_78,A,NA,NA
16281_68_69_70_71_72_73_74_76,A,NA,NA
16281_68_69_70_71_72_73_74_76,B,NA,NA
16282_67_68_69_70_71_72_73_74_75_76_77,NA,NA,NA
16291_68,A,NA,NA
16291_68,B,NA,NA
16292_67_68_69_70_71_72_73_74_76,A,NA,NA
16300_68_69_70_71_72_73_74_75_76_77_78,A,NA,NA
16300_68_69_70_71_72_73_74_75_76_77_78,B,NA,NA
16300_68_69_70_71_72_73_74_75_76_77_78,C,NA,NA
16330_68_69_70_71_73_74_75_76_77_78,A,NA,NA
16350_68_69_70_71_72_73_74_75_76_77_78,A,NA,NA
16370_68_69_70_71_72_73_74_75_76_77_78_80,A,NA,NA
16370_68_69_70_71_72_73_74_75_76_77_78_80,B,NA,NA
16370_68_69_70_71_72_73_74_75_76_77_78_80,C,NA,NA
16380_67_68_69_70_71_72_73_76,A,NA,NA
16390_67_68_69_70_71_72_73_76,A,NA,NA
16400_73_76_80,A,NA,NA
16430_73_74_75_76_77_78,A,NA,NA
16441_73_75_76_77_78_80,A,NA,NA
16441_73_75_76_77_78_80,B,NA,NA
16441_73_75_76_77_78_80,C,NA,NA
16441_73_75_76_77_78_80,D,NA,NA
16442_77_78,A,NA,NA
16442_77_78,B,NA,NA
16442_77_78,C,NA,NA
16442_77_78,D,NA,NA
16443_73_77_78,A,NA,NA
16443_73_77_78,B,NA,NA
16443_73_77_78,C,NA,NA
16460_75_77_78,A,NA,NA
16460_75_77_78,B,NA,NA
16460_75_77_78,C,NA,NA
16460_75_77_78,D,NA,NA
16470_73_74_75_76_77_78_80,A,NA,NA
16481_75_77,A,NA,NA
16481_75_77,B,NA,NA
16481_75_77,C,NA,NA
16482_78,A,NA,NA
16482_78,B,NA,NA
16482_78,C,NA,NA
16510_72_76_80,A,NA,NA
16520_73_74_75_76_77_78_80,A,NA,NA
16520_73_74_75_76_77_78_80,B,NA,NA
16530_75_77_78,A,NA,NA
16550_75_76_77_78_80,A,NA,NA
16550_75_76_77_78_80,B,NA,NA
16550_75_76_77_78_80,C,NA,NA
16550_75_76_77_78_80,D,NA,NA
16550_75_76_77_78_80,E,NA,NA
16560_75_76_77_78,A,NA,NA
16570_75_77_78,A,NA,NA
16610_73_74_75_76_77_78_80,A,NA,NA
16620_73_75_77_78,A,NA,NA
16630_73_74_75_76_77_78,A,NA,NA
16650_73_75_76_77_78_80,A,NA,NA
16650_73_75_76_77_78_80,B,NA,NA
16680_73_75_76_77_78_80,A,NA,NA
16680_73_75_76_77_78_80,B,NA,NA
16760_75_77_78,A,NA,NA
16780_75_77,A,NA,NA
16780_75_77,B,NA,NA
16780_75_77,C,NA,NA
16780_75_77,D,NA,NA
16780_75_77,E,NA,NA
16790_73_74_75_76_77_78_80,A,NA,NA
16790_73_74_75_76_77_78_80,B,NA,NA
16790_73_74_75_76_77_78_80,C,NA,NA
16790_73_74_75_76_77_78_80,D,NA,NA
16790_73_74_75_76_77_78_80,E,NA,NA
16800_74_75_77_78,A,NA,NA
16800_74_75_77_78,B,NA,NA
16810_73_75_76_77_78,A,NA,NA
16821_68,A,NA,NA
16821_68,B,NA,NA
16821_68,C,NA,NA
16822_67_68_69_70_71_72_73_74_76,A,NA,NA
16822_67_68_69_70_71_72_73_74_76,B,NA,NA
16822_67_68_69_70_71_72_73_74_76,C,NA,NA
16831_68,A,NA,NA
16831_68,B,NA,NA
16832_67_68_69,A,NA,NA
16850_67_68_69_70_71_72_73_76,A,NA,NA
16870_67_68_69_70_71_72_73_74_75_76_77,A,NA,NA
16880_67_68_69_70_71_72_73_74_76,NA,NA,NA
16901_68,A,NA,NA
16901_68,B,NA,NA
16902_67_68_69_70_71_72_73_74_75_76_77,A,NA,NA
16902_67_68_69_70_71_72_73_74_75_76_77,B,NA,NA
16970_67_68_69_70_71_72_76,A,NA,NA
16990_67_68_69_70_71_72_73_76,A,NA,NA
17010_67_68_72,A,NA,NA
17020_67_68_69_70_72_73_76,NA,NA,NA
17040_68_72,A,NA,NA
17060_67_68_69_70_71_72_73_76,A,NA,NA
17080_67_68_69,A,NA,NA
17090_67_68_72_76_80,A,NA,NA
17090_67_68_72_76_80,B,NA,NA
17110_67_68_72,A,NA,NA
17130_67_68_72_76,A,NA,NA
17140_67_68_69_72_76,A,4.5,NA
17140_67_68_69_72_76,B,NA,5
17140_67_68_69_72_76,C,NA,21
17150_67_68_69_72,A,NA,NA
17150_67_68_69_72,B,NA,NA
17150_67_68_69_72,C,NA,NA
17150_67_68_69_72,D,NA,NA
17200_72_73_76_80,A,NA,NA
17220_68_69_70_71_72_73_74_75_76_77_78,A,NA,NA
18040_79,A,NA,NA
18040_79,B,NA,NA
18060_79,A,NA,NA
18080_79,A,NA,NA
18080_79,B,NA,21
18080_79,C,NA,33
18080_79,D,NA,33
18090_79,A,NA,21
18090_79,B,NA,21
18090_79,C,NA,33
18090_79,D,NA,33
18090_79,E,NA,33
18100_79,A,NA,NA
18100_79,B,NA,21
18100_79,C,NA,33
18100_79,D,NA,33
18100_79,E,NA,33
18110_79,A,NA,NA
18110_79,B,NA,NA
18110_79,C,NA,NA
18130_79,A,NA,NA
18130_79,B,NA,NA
18130_79,C,NA,NA
18130_79,D,NA,NA
18130_79,E,NA,NA
18140_79,A,NA,NA
18140_79,B,NA,NA
18140_79,C,NA,NA
18140_79,D,NA,NA
18140_79,E,NA,NA
18151_79,A,NA,NA
18151_79,B,NA,NA
18151_79,C,NA,NA
18151_79,D,NA,NA
18160_79,A,NA,NA
18160_79,B,NA,NA
18160_79,C,NA,NA
18160_79,D,NA,NA
18160_79,E,NA,NA
18170_79,A,NA,NA
18170_79,B,NA,NA
18170_79,C,NA,NA
18170_79,D,NA,NA
18180_79,A,NA,NA
18180_79,B,NA,NA
18180_79,C,NA,NA
18190_79,A,NA,NA
18190_79,B,NA,NA
18200_79,A,NA,NA
18200_79,B,NA,NA
18210_79,A,NA,NA
18210_79,B,NA,NA
18210_79,C,NA,NA
18210_79,D,NA,NA
18210_79,E,NA,NA
18220_79,A,NA,NA
18220_79,B,NA,NA
18230_79,A,NA,NA
18230_79,B,NA,NA
18240_79,A,NA,NA
18240_79,B,NA,NA
18250_79,A,NA,NA
18250_79,B,NA,NA
18260_79,A,NA,NA
18260_79,B,NA,NA
18260_79,C,NA,NA
18270_79,A,NA,NA
18270_79,B,NA,NA
18270_79,C,NA,NA
18280_79,A,NA,NA
18280_79,B,NA,NA
18280_79,C,NA,NA
