"Zone","File"
"1","10080_1_2_3_7.docx"
"1","10180_1_7.docx"
"1","10350_1_2_7.docx"
"1","10360_1_2.docx"
"1","10370_1_2_7.docx"
"1","10380_1_7.docx"
"1","10390_1_2_3_7.docx"
"1","10411_1_7.docx"
"1","10412_1_7.docx"
"1","10420_1_7.docx"
"1","10450_1_7_8_9.docx"
"1","10460_1_7_9.docx"
"1","10531_1_7_8_9.docx"
"1","10550_1_8_9.docx"
"1","10560_1_7_8_9.docx"
"1","10600_1_2_7.docx"
"1","10630_1.docx"
"1","10650_1_8_9_10.docx"
"1","10680_1_7.docx"
"1","10800_1_7_8_9.docx"
"1","10830_1.docx"
"1","10840_1.docx"
"1","11060_1_8_9.docx"
"1","11200_1_2_7.docx"
"1","11230_1_7_8_9.docx"
"1","11240_1_7_8_9.docx"
"1","11250_1_7_8_9_10_19.docx"
"1","11260_1_7_8_9_10_19.docx"
"1","11380_1.docx"
"1","11540_1_7_8_9.docx"
"1","11560_1_2_7.docx"
"1","11570_1_2.docx"
"1","11581_1_2_7.docx"
"1","11582_1_2_7.docx"
"1","11650_1_7_8.docx"
"1","11670_1_7_9.docx"
"1","11710_1.docx"
"1","11730_1_7.docx"
"1","11740_1_7.docx"
"1","11780_1_2_7.docx"
"2","10080_1_2_3_7.docx"
"2","10150_2_3_4.docx"
"2","10210_2_3_6_7.docx"
"2","10220_2_3_6_7.docx"
"2","10270_2_3_7.docx"
"2","10280_2_3.docx"
"2","10290_2_3_4_5_6_7_12.docx"
"2","10300_2_3_4_5_6_7.docx"
"2","10310_2_3_4_5_6_12.docx"
"2","10320_2_3_7.docx"
"2","10350_1_2_7.docx"
"2","10360_1_2.docx"
"2","10370_1_2_7.docx"
"2","10390_1_2_3_7.docx"
"2","10431_2_3_6_7.docx"
"2","10432_2_3.docx"
"2","10600_1_2_7.docx"
"2","10630_2_7.docx"
"2","11200_1_2_7.docx"
"2","11280_2_3_4.docx"
"2","11310_2_3_4.docx"
"2","11520_2_3_7.docx"
"2","11560_1_2_7.docx"
"2","11570_1_2.docx"
"2","11581_1_2_7.docx"
"2","11582_1_2_7.docx"
"2","11700_2_3_7.docx"
"2","11780_1_2_7.docx"
"3","10080_1_2_3_7.docx"
"3","10150_2_3_4.docx"
"3","10210_2_3_6_7.docx"
"3","10220_2_3_6_7.docx"
"3","10270_2_3_7.docx"
"3","10280_2_3.docx"
"3","10290_2_3_4_5_6_7_12.docx"
"3","10300_2_3_4_5_6_7.docx"
"3","10310_2_3_4_5_6_12.docx"
"3","10320_2_3_7.docx"
"3","10330_3_6_7.docx"
"3","10390_1_2_3_7.docx"
"3","10431_2_3_6_7.docx"
"3","10432_2_3.docx"
"3","10440_3_6_7.docx"
"3","10960_3.docx"
"3","10970_3_6_7.docx"
"3","10980_3.docx"
"3","10990_3.docx"
"3","11050_3_ 6_7.docx"
"3","11130_3.docx"
"3","11140_3_6_7.docx"
"3","11280_2_3_4.docx"
"3","11300_3_4.docx"
"3","11310_2_3_4.docx"
"3","11370_3_6.docx"
"3","11380_3_5.docx"
"3","11520_2_3_7.docx"
"3","11630_3_4_5.docx"
"3","11700_2_3_7.docx"
"3","11770_3.docx"
"7","10080_1_2_3_7.docx"
"7","10110_7.docx"
"7","10170_6_7_8_9_12_18.docx"
"7","10180_1_7.docx"
"7","10190_6_7_9_12_16_17_18_19.docx"
"7","10210_2_3_6_7.docx"
"7","10220_2_3_6_7.docx"
"7","10270_2_3_7.docx"
"7","10280_4_6_7_12.docx"
"7","10290_2_3_4_5_6_7_12.docx"
"7","10300_2_3_4_5_6_7.docx"
"7","10310_7.docx"
"7","10320_2_3_7.docx"
"7","10330_3_6_7.docx"
"7","10340_4_6_7.docx"
"7","10350_1_2_7.docx"
"7","10370_1_2_7.docx"
"7","10380_1_7.docx"
"7","10390_1_2_3_7.docx"
"7","10411_1_7.docx"
"7","10412_1_7.docx"
"7","10420_1_7.docx"
"7","10431_2_3_6_7.docx"
"7","10440_3_6_7.docx"
"7","10450_1_7_8_9.docx"
"7","10460_1_7_9.docx"
"7","10531_1_7_8_9.docx"
"7","10532_7_9.docx"
"7","10560_1_7_8_9.docx"
"7","10580_7.docx"
"7","10600_1_2_7.docx"
"7","10620_7_9.docx"
"7","10630_2_7.docx"
"7","10680_1_7.docx"
"7","10800_1_7_8_9.docx"
"7","10810_7_8_9.docx"
"7","10970_3_6_7.docx"
"7","10980_7.docx"
"7","11030_6_7_12_13_16_17_23.docx"
"7","11050_3_ 6_7.docx"
"7","11140_3_6_7.docx"
"7","11200_1_2_7.docx"
"7","11230_1_7_8_9.docx"
"7","11240_1_7_8_9.docx"
"7","11250_1_7_8_9_10_19.docx"
"7","11260_1_7_8_9_10_19.docx"
"7","11270_7_8_9.docx"
"7","11350_7_8_9_10_12_17_18.docx"
"7","11520_2_3_7.docx"
"7","11530_7_8_9.docx"
"7","11540_1_7_8_9.docx"
"7","11560_1_2_7.docx"
"7","11581_1_2_7.docx"
"7","11582_1_2_7.docx"
"7","11650_1_7_8.docx"
"7","11670_1_7_9.docx"
"7","11700_2_3_7.docx"
"7","11710_7.docx"
"7","11720_7.docx"
"7","11730_1_7.docx"
"7","11740_1_7.docx"
"7","11780_1_2_7.docx"
"19","10090_19.docx"
"19","10110_6_10_12_17_18_19.docx"
"19","10190_6_7_9_12_16_17_18_19.docx"
"19","10451_10_19.docx"
"19","10452_10_19.docx"
"19","10453_10_19.docx"
"19","10460_10_19_20.docx"
"19","10470_10_19.docx"
"19","10472_10_19.docx"
"19","10490_19_20_21_23_28_29.docx"
"19","10530_10_19.docx"
"19","10550_10_19.docx"
"19","10560_10_19.docx"
"19","10620_10_19_21_29_31.docx"
"19","10700_10_19_28.docx"
"19","10800_10_19.docx"
"19","10810_18_19_21.docx"
"19","11060_10_19.docx"
"19","11150_10_19.docx"
"19","11240_10_12_17_18_19_21.docx"
"19","11250_1_7_8_9_10_19.docx"
"19","11260_1_7_8_9_10_19.docx"
"19","11390_10_19.docx"
"19","11400_10_19.docx"
"19","11430_9_19_21_28.docx"
"19","11440_12_16_19_28.docx"
"19","11450_9_10_19.docx"
"19","11530_6_10_12_13_17_18_19_21.docx"
"19","11540_10_19.docx"
"19","11590_10_19.docx"
"19","11600_10_19.docx"
"19","11610_9_10_19.docx"
"19","11660_9_10_19.docx"
"19","11662_19.docx"
"19","11670_10_19.docx"
"15","10110_15.docx"
"15","10160_15_28.docx"
"15","10190_15.docx"
"15","10230_14_15_24_25.docx"
"15","10240_14_15_24.docx"
"15","10250_14_15_24_25_26.docx"
"15","10260_15.docx"
"15","10510_15_16_17_22_23_24_25.docx"
"15","10520_15.docx"
"15","10540_15_25.docx"
"15","10550_15_28.docx"
"15","10560_15_28.docx"
"15","10610_15_25.docx"
"15","10640_15_16_17_23_24_27_28.docx"
"15","10770_15.docx"
"15","10780_15.docx"
"15","10803_6_12_15_16_17_18_23_24_25.docx"
"15","10804_6_12_15_16_17_18_23_24_25.docx"
"15","10810_15_16_23_24_28.docx"
"15","10820_12_15_16_17_23_24.docx"
"15","10870_4_6_12_13_14_15_17_24_25.docx"
"15","10910_15.docx"
"15","10930_13_15_16_23_24_28.docx"
"15","10950_15.docx"
"15","11000_15.docx"
"15","11020_13_15_16_23_24.docx"
"15","11040_15.docx"
"15","11070_15.docx"
"15","11080_4_5_13_14_15_24_25.docx"
"15","11090_15_25.docx"
"15","11150_15_16_23_24.docx"
"15","11160_15_25.docx"
"15","11170_13_15_28.docx"
"15","11210_15.docx"
"15","11250_6_12_13_15_16_17_18_23_24_25_28.docx"
"15","11270_15.docx"
"15","11350_15_28.docx"
"15","11460_15_16_23_24_25_28.docx"
"15","11550_15.docx"
"15","11552_13_14_15.docx"
"15","11590_15.docx"
"15","11600_15_28.docx"
"16","10110_16_23_24.docx"
"16","10120_16_27.docx"
"16","10160_16_ 23_24_25.docx"
"16","10190_6_7_9_12_16_17_18_19.docx"
"16","10490_16_22.docx"
"16","10500_16_23_28.docx"
"16","10510_15_16_17_22_23_24_25.docx"
"16","10520_16_23_24.docx"
"16","10540_16_23_24.docx"
"16","10550_16_23_24.docx"
"16","10560_16_23.docx"
"16","10570_12_16.docx"
"16","10611_16_23_24.docx"
"16","10612_16_23.docx"
"16","10620_16_23.docx"
"16","10640_15_16_17_23_24_27_28.docx"
"16","10660_16_23_24.docx"
"16","10700_16.docx"
"16","10780_16_23_24_25.docx"
"16","10790_6_9_10_12_16_17_18.docx"
"16","10803_6_12_15_16_17_18_23_24_25.docx"
"16","10804_6_12_15_16_17_18_23_24_25.docx"
"16","10810_15_16_23_24_28.docx"
"16","10820_12_15_16_17_23_24.docx"
"16","10860_13_16_17_18_21_23.docx"
"16","10930_13_15_16_23_24_28.docx"
"16","11020_13_15_16_23_24.docx"
"16","11030_6_7_12_13_16_17_23.docx"
"16","11071_16.docx"
"16","11072_16.docx"
"16","11150_15_16_23_24.docx"
"16","11170_16_23_24.docx"
"16","11250_6_12_13_15_16_17_18_23_24_25_28.docx"
"16","11261_16_23_24.docx"
"16","11262_16_23.docx"
"16","11270_16_23_24_25.docx"
"16","11350_16_23_24.docx"
"16","11440_12_16_19_28.docx"
"16","11450_16.docx"
"16","11460_15_16_23_24_25_28.docx"
"16","11530_16_23_24_25_27.docx"
"16","11540_6_12_16_17.docx"
"16","11590_16_23_24_26.docx"
"16","11600_16.docx"
"23","10110_16_23_24.docx"
"23","10490_19_20_21_23_28_29.docx"
"23","10500_16_23_28.docx"
"23","10510_15_16_17_22_23_24_25.docx"
"23","10520_16_23_24.docx"
"23","10540_16_23_24.docx"
"23","10550_16_23_24.docx"
"23","10560_16_23.docx"
"23","10570_23.docx"
"23","10611_16_23_24.docx"
"23","10612_16_23.docx"
"23","10620_16_23.docx"
"23","10640_15_16_17_23_24_27_28.docx"
"23","10660_16_23_24.docx"
"23","10780_16_23_24_25.docx"
"23","10803_6_12_15_16_17_18_23_24_25.docx"
"23","10804_6_12_15_16_17_18_23_24_25.docx"
"23","10810_15_16_23_24_28.docx"
"23","10820_12_15_16_17_23_24.docx"
"23","10860_13_16_17_18_21_23.docx"
"23","10930_13_15_16_23_24_28.docx"
"23","11020_13_15_16_23_24.docx"
"23","11030_6_7_12_13_16_17_23.docx"
"23","11040_23_24.docx"
"23","11070_23_24.docx"
"23","11150_15_16_23_24.docx"
"23","11170_16_23_24.docx"
"23","11250_6_12_13_15_16_17_18_23_24_25_28.docx"
"23","11261_16_23_24.docx"
"23","11262_16_23.docx"
"23","11270_16_23_24_25.docx"
"23","11350_16_23_24.docx"
"23","11460_15_16_23_24_25_28.docx"
"23","11530_16_23_24_25_27.docx"
"23","11590_16_23_24_26.docx"
"23","11600_23.docx"
"24","10110_16_23_24.docx"
"24","10160_16_ 23_24_25.docx"
"24","10230_14_15_24_25.docx"
"24","10240_14_15_24.docx"
"24","10250_14_15_24_25_26.docx"
"24","10510_15_16_17_22_23_24_25.docx"
"24","10520_16_23_24.docx"
"24","10540_16_23_24.docx"
"24","10550_16_23_24.docx"
"24","10590_24_28.docx"
"24","10611_16_23_24.docx"
"24","10640_15_16_17_23_24_27_28.docx"
"24","10660_16_23_24.docx"
"24","10780_16_23_24_25.docx"
"24","10803_6_12_15_16_17_18_23_24_25.docx"
"24","10804_6_12_15_16_17_18_23_24_25.docx"
"24","10810_15_16_23_24_28.docx"
"24","10820_12_15_16_17_23_24.docx"
"24","10870_4_6_12_13_14_15_17_24_25.docx"
"24","10930_13_15_16_23_24_28.docx"
"24","11020_13_15_16_23_24.docx"
"24","11040_23_24.docx"
"24","11070_23_24.docx"
"24","11080_4_5_13_14_15_24_25.docx"
"24","11150_15_16_23_24.docx"
"24","11160_24.docx"
"24","11170_16_23_24.docx"
"24","11190_24_25.docx"
"24","11210_24.docx"
"24","11250_6_12_13_15_16_17_18_23_24_25_28.docx"
"24","11261_16_23_24.docx"
"24","11270_16_23_24_25.docx"
"24","11350_16_23_24.docx"
"24","11450_22_24_28.docx"
"24","11460_15_16_23_24_25_28.docx"
"24","11530_16_23_24_25_27.docx"
"24","11590_16_23_24_26.docx"
"20","10110_20_29.docx"
"20","10451_20.docx"
"20","10454_20.docx"
"20","10460_10_19_20.docx"
"20","10490_19_20_21_23_28_29.docx"
"20","10540_20.docx"
"20","10550_20.docx"
"20","10560_20.docx"
"20","10610_20_29.docx"
"20","10850_20.docx"
"20","11060_20_21_29.docx"
"20","11170_20.docx"
"20","11250_20_29_30_31_33.docx"
"20","11260_20_29_33.docx"
"20","11390_20.docx"
"20","11400_20.docx"
"20","11410_20.docx"
"20","11450_20.docx"
"20","11480_20_29_30.docx"
"20","11530_20_22_29_30.docx"
"20","11590_20.docx"
"20","11600_20_29.docx"
"20","11620_20.docx"
"20","13850_20.docx"
"20","14950_20.docx"
"29","10110_20_29.docx"
"29","10480_29.docx"
"29","10490_19_20_21_23_28_29.docx"
"29","10510_29.docx"
"29","10540_29.docx"
"29","10550_29.docx"
"29","10560_29.docx"
"29","10570_29.docx"
"29","10610_20_29.docx"
"29","10620_10_19_21_29_31.docx"
"29","10660_29.docx"
"29","10720_22_29.docx"
"29","10850_29_30.docx"
"29","10860_29.docx"
"29","11060_20_21_29.docx"
"29","11170_29.docx"
"29","11250_20_29_30_31_33.docx"
"29","11260_20_29_33.docx"
"29","11390_29.docx"
"29","11400_29.docx"
"29","11410_29_30.docx"
"29","11450_29.docx"
"29","11480_20_29_30.docx"
"29","11490_29.docx"
"29","11530_20_22_29_30.docx"
"29","11590_29.docx"
"29","11600_20_29.docx"
"29","11620_29_30.docx"
"29","11660_29.docx"
"29","11791_29_30.docx"
"29","11792_29_30.docx"
"29","13850_29_30.docx"
"21","10110_21.docx"
"21","10120_17_18_21.docx"
"21","10450_21.docx"
"21","10460_21.docx"
"21","10490_19_20_21_23_28_29.docx"
"21","10510_18_21.docx"
"21","10520_21.docx"
"21","10550_21_22.docx"
"21","10560_21_22.docx"
"21","10620_10_19_21_29_31.docx"
"21","10700_21.docx"
"21","10801_21_22_28.docx"
"21","10802_21_22_28.docx"
"21","10810_18_19_21.docx"
"21","10860_13_16_17_18_21_23.docx"
"21","11060_20_21_29.docx"
"21","11150_21_22.docx"
"21","11240_10_12_17_18_19_21.docx"
"21","11260_21.docx"
"21","11270_21.docx"
"21","11390_21.docx"
"21","11400_21.docx"
"21","11430_9_19_21_28.docx"
"21","11440_21_22.docx"
"21","11450_21.docx"
"21","11530_6_10_12_13_17_18_19_21.docx"
"21","11590_21.docx"
"21","11600_21.docx"
"21","11610_21.docx"
"21","11660_21.docx"
"21","11670_21.docx"
"22","10110_22.docx"
"22","10160_22.docx"
"22","10490_16_22.docx"
"22","10500_22.docx"
"22","10510_15_16_17_22_23_24_25.docx"
"22","10540_22.docx"
"22","10550_21_22.docx"
"22","10560_21_22.docx"
"22","10610_22_27_28.docx"
"22","10620_22_28.docx"
"22","10660_22.docx"
"22","10720_22_29.docx"
"22","10801_21_22_28.docx"
"22","10802_21_22_28.docx"
"22","10810_22.docx"
"22","10861_22.docx"
"22","10862_22.docx"
"22","11060_22.docx"
"22","11150_21_22.docx"
"22","11260_22.docx"
"22","11270_22.docx"
"22","11350_22.docx"
"22","11390_22.docx"
"22","11440_21_22.docx"
"22","11450_22_24_28.docx"
"22","11530_20_22_29_30.docx"
"22","11590_22.docx"
"22","11620_22.docx"
"22","11660_22.docx"
"27","10110_27.docx"
"27","10120_16_27.docx"
"27","10240_25_27.docx"
"27","10510_27.docx"
"27","10520_27.docx"
"27","10541_27.docx"
"27","10542_27.docx"
"27","10550_27.docx"
"27","10590_27_33.docx"
"27","10610_22_27_28.docx"
"27","10640_15_16_17_23_24_27_28.docx"
"27","10810_27_33.docx"
"27","10860_27_31_33.docx"
"27","10940_27_33.docx"
"27","10950_27.docx"
"27","11070_27_33.docx"
"27","11110_27_33.docx"
"27","11171_27.docx"
"27","11172_27.docx"
"27","11190_27.docx"
"27","11210_27.docx"
"27","11220_27.docx"
"27","11460_27.docx"
"27","11470_27_33.docx"
"27","11490_27_38.docx"
"27","11530_16_23_24_25_27.docx"
"27","11590_27_33.docx"
"27","11620_27_33.docx"
"27","14950_27_33.docx"
"27","15030_25_27.docx"
"27","15040_25_27.docx"
"28","10110_28.docx"
"28","10160_15_28.docx"
"28","10490_19_20_21_23_28_29.docx"
"28","10500_16_23_28.docx"
"28","10510_28.docx"
"28","10520_28.docx"
"28","10540_28.docx"
"28","10550_15_28.docx"
"28","10560_15_28.docx"
"28","10570_28.docx"
"28","10590_24_28.docx"
"28","10610_22_27_28.docx"
"28","10620_22_28.docx"
"28","10640_15_16_17_23_24_27_28.docx"
"28","10700_10_19_28.docx"
"28","10720_28.docx"
"28","10801_21_22_28.docx"
"28","10802_21_22_28.docx"
"28","10810_15_16_23_24_28.docx"
"28","10860_28.docx"
"28","10930_13_15_16_23_24_28.docx"
"28","11020_28.docx"
"28","11070_25_28.docx"
"28","11150_28.docx"
"28","11170_13_15_28.docx"
"28","11190_28.docx"
"28","11250_6_12_13_15_16_17_18_23_24_25_28.docx"
"28","11260_6_12_17_18_28.docx"
"28","11270_28.docx"
"28","11350_15_28.docx"
"28","11430_9_19_21_28.docx"
"28","11440_12_16_19_28.docx"
"28","11450_22_24_28.docx"
"28","11460_15_16_23_24_25_28.docx"
"28","11470_28.docx"
"28","11490_28.docx"
"28","11530_28.docx"
"28","11590_28.docx"
"28","11600_15_28.docx"
"6","10110_6_10_12_17_18_19.docx"
"6","10170_6_7_8_9_12_18.docx"
"6","10190_6_7_9_12_16_17_18_19.docx"
"6","10200_6_9_12_17.docx"
"6","10210_2_3_6_7.docx"
"6","10220_2_3_6_7.docx"
"6","10270_4_5_6.docx"
"6","10280_4_6_7_12.docx"
"6","10290_2_3_4_5_6_7_12.docx"
"6","10300_2_3_4_5_6_7.docx"
"6","10310_2_3_4_5_6_12.docx"
"6","10321_6.docx"
"6","10322_6.docx"
"6","10330_3_6_7.docx"
"6","10340_4_6_7.docx"
"6","10431_2_3_6_7.docx"
"6","10440_3_6_7.docx"
"6","10510_6.docx"
"6","10581_6.docx"
"6","10582_6.docx"
"6","10610_6.docx"
"6","10620_6_12_17_18.docx"
"6","10670_6.docx"
"6","10710_6.docx"
"6","10790_6_9_10_12_16_17_18.docx"
"6","10803_6_12_15_16_17_18_23_24_25.docx"
"6","10804_6_12_15_16_17_18_23_24_25.docx"
"6","10810_6_12_13_17.docx"
"6","10820_6.docx"
"6","10870_4_6_12_13_14_15_17_24_25.docx"
"6","10970_3_6_7.docx"
"6","10980_6.docx"
"6","11030_6_7_12_13_16_17_23.docx"
"6","11140_3_6_7.docx"
"6","11250_6_12_13_15_16_17_18_23_24_25_28.docx"
"6","11260_6_12_17_18_28.docx"
"6","11360_6.docx"
"6","11370_3_6.docx"
"6","11380_6.docx"
"6","11520_6.docx"
"6","11530_6_10_12_13_17_18_19_21.docx"
"6","11540_6_12_16_17.docx"
"10","10110_6_10_12_17_18_19.docx"
"10","10451_10_19.docx"
"10","10452_10_19.docx"
"10","10453_10_19.docx"
"10","10460_10_19_20.docx"
"10","10470_10_19.docx"
"10","10472_10_19.docx"
"10","10530_10_19.docx"
"10","10550_10_19.docx"
"10","10560_10_19.docx"
"10","10620_10_19_21_29_31.docx"
"10","10650_1_8_9_10.docx"
"10","10700_10_19_28.docx"
"10","10790_6_9_10_12_16_17_18.docx"
"10","10800_10_19.docx"
"10","11060_10_19.docx"
"10","11150_10_19.docx"
"10","11230_10_18.docx"
"10","11240_10_12_17_18_19_21.docx"
"10","11250_1_7_8_9_10_19.docx"
"10","11260_1_7_8_9_10_19.docx"
"10","11270_10_12_13_17_18.docx"
"10","11340_10.docx"
"10","11350_7_8_9_10_12_17_18.docx"
"10","11390_10_19.docx"
"10","11400_10_19.docx"
"10","11420_9_10.docx"
"10","11450_9_10_19.docx"
"10","11530_6_10_12_13_17_18_19_21.docx"
"10","11540_10_19.docx"
"10","11590_10_19.docx"
"10","11600_10_19.docx"
"10","11610_9_10_19.docx"
"10","11660_9_10_19.docx"
"10","11670_10_19.docx"
"12","10110_6_10_12_17_18_19.docx"
"12","10170_6_7_8_9_12_18.docx"
"12","10190_6_7_9_12_16_17_18_19.docx"
"12","10200_6_9_12_17.docx"
"12","10280_4_6_7_12.docx"
"12","10290_2_3_4_5_6_7_12.docx"
"12","10310_2_3_4_5_6_12.docx"
"12","10330_12.docx"
"12","10520_12.docx"
"12","10570_12_16.docx"
"12","10580_12.docx"
"12","10620_6_12_17_18.docx"
"12","10790_6_9_10_12_16_17_18.docx"
"12","10803_6_12_15_16_17_18_23_24_25.docx"
"12","10804_6_12_15_16_17_18_23_24_25.docx"
"12","10810_6_12_13_17.docx"
"12","10820_12_15_16_17_23_24.docx"
"12","10870_4_6_12_13_14_15_17_24_25.docx"
"12","10880_12_13_14_25.docx"
"12","11030_6_7_12_13_16_17_23.docx"
"12","11240_10_12_17_18_19_21.docx"
"12","11250_6_12_13_15_16_17_18_23_24_25_28.docx"
"12","11260_6_12_17_18_28.docx"
"12","11270_10_12_13_17_18.docx"
"12","11350_7_8_9_10_12_17_18.docx"
"12","11440_12_16_19_28.docx"
"12","11530_6_10_12_13_17_18_19_21.docx"
"12","11540_6_12_16_17.docx"
"12","11590_12_17.docx"
"12","11600_12_17.docx"
"17","10110_6_10_12_17_18_19.docx"
"17","10120_17_18_21.docx"
"17","10160_17.docx"
"17","10190_6_7_9_12_16_17_18_19.docx"
"17","10200_6_9_12_17.docx"
"17","10510_15_16_17_22_23_24_25.docx"
"17","10520_17.docx"
"17","10540_17.docx"
"17","10550_17.docx"
"17","10610_8_9_17.docx"
"17","10620_6_12_17_18.docx"
"17","10640_15_16_17_23_24_27_28.docx"
"17","10790_6_9_10_12_16_17_18.docx"
"17","10803_6_12_15_16_17_18_23_24_25.docx"
"17","10804_6_12_15_16_17_18_23_24_25.docx"
"17","10810_6_12_13_17.docx"
"17","10820_12_15_16_17_23_24.docx"
"17","10860_13_16_17_18_21_23.docx"
"17","10870_4_6_12_13_14_15_17_24_25.docx"
"17","11030_6_7_12_13_16_17_23.docx"
"17","11040_17.docx"
"17","11070_17.docx"
"17","11080_17.docx"
"17","11150_17.docx"
"17","11240_10_12_17_18_19_21.docx"
"17","11250_6_12_13_15_16_17_18_23_24_25_28.docx"
"17","11260_6_12_17_18_28.docx"
"17","11270_10_12_13_17_18.docx"
"17","11350_7_8_9_10_12_17_18.docx"
"17","11450_17.docx"
"17","11530_6_10_12_13_17_18_19_21.docx"
"17","11540_6_12_16_17.docx"
"17","11590_12_17.docx"
"17","11600_12_17.docx"
"18","10110_6_10_12_17_18_19.docx"
"18","10120_17_18_21.docx"
"18","10170_6_7_8_9_12_18.docx"
"18","10190_6_7_9_12_16_17_18_19.docx"
"18","10460_18.docx"
"18","10500_18.docx"
"18","10510_18_21.docx"
"18","10520_18.docx"
"18","10550_18.docx"
"18","10560_18.docx"
"18","10570_18.docx"
"18","10610_18.docx"
"18","10620_6_12_17_18.docx"
"18","10790_6_9_10_12_16_17_18.docx"
"18","10803_6_12_15_16_17_18_23_24_25.docx"
"18","10804_6_12_15_16_17_18_23_24_25.docx"
"18","10810_18_19_21.docx"
"18","10860_13_16_17_18_21_23.docx"
"18","11060_18.docx"
"18","11230_10_18.docx"
"18","11240_10_12_17_18_19_21.docx"
"18","11250_6_12_13_15_16_17_18_23_24_25_28.docx"
"18","11260_6_12_17_18_28.docx"
"18","11270_10_12_13_17_18.docx"
"18","11350_7_8_9_10_12_17_18.docx"
"18","11390_18.docx"
"18","11530_6_10_12_13_17_18_19_21.docx"
"18","11540_18.docx"
"18","11590_18.docx"
"18","11600_18.docx"
"9","10110_9.docx"
"9","10170_6_7_8_9_12_18.docx"
"9","10190_6_7_9_12_16_17_18_19.docx"
"9","10200_6_9_12_17.docx"
"9","10450_1_7_8_9.docx"
"9","10460_1_7_9.docx"
"9","10470_8_9.docx"
"9","10531_1_7_8_9.docx"
"9","10532_7_9.docx"
"9","10550_1_8_9.docx"
"9","10560_1_7_8_9.docx"
"9","10610_8_9_17.docx"
"9","10620_7_9.docx"
"9","10650_1_8_9_10.docx"
"9","10790_6_9_10_12_16_17_18.docx"
"9","10800_1_7_8_9.docx"
"9","10810_7_8_9.docx"
"9","11060_1_8_9.docx"
"9","11230_1_7_8_9.docx"
"9","11240_1_7_8_9.docx"
"9","11250_1_7_8_9_10_19.docx"
"9","11260_1_7_8_9_10_19.docx"
"9","11270_7_8_9.docx"
"9","11340_8_9.docx"
"9","11350_7_8_9_10_12_17_18.docx"
"9","11390_8_9.docx"
"9","11400_9.docx"
"9","11420_9_10.docx"
"9","11430_9_19_21_28.docx"
"9","11450_9_10_19.docx"
"9","11530_7_8_9.docx"
"9","11540_1_7_8_9.docx"
"9","11590_8_9.docx"
"9","11600_8_9.docx"
"9","11610_9_10_19.docx"
"9","11650_9.docx"
"9","11660_9_10_19.docx"
"9","11670_1_7_9.docx"
"31","10130_31_38_39_40.docx"
"31","10620_10_19_21_29_31.docx"
"31","10860_27_31_33.docx"
"31","10940_31_38.docx"
"31","11250_20_29_30_31_33.docx"
"31","11320_31_38.docx"
"31","11410_31.docx"
"31","11480_31_38.docx"
"31","11490_31_33.docx"
"31","11500_31_39_40.docx"
"31","11620_31_39_40.docx"
"31","11790_31.docx"
"31","13850_31_39_40_42.docx"
"31","14210_31_38_42_43_44_50_51.docx"
"31","14690_31_39_40_43.docx"
"31","14950_31_39_40.docx"
"38","10130_31_38_39_40.docx"
"38","10940_31_38.docx"
"38","11320_31_38.docx"
"38","11480_31_38.docx"
"38","11490_27_38.docx"
"38","11500_38.docx"
"38","11620_38.docx"
"38","13080_38_43_44.docx"
"38","13100_38_42_43.docx"
"38","13140_38_39_40_41_42_43_44_50.docx"
"38","14210_31_38_42_43_44_50_51.docx"
"38","14230_38.docx"
"38","14690_38_42_49_.docx"
"38","14880_38_42_43.docx"
"38","14950_38.docx"
"39","10130_31_38_39_40.docx"
"39","11410_39.docx"
"39","11500_31_39_40.docx"
"39","11620_31_39_40.docx"
"39","13100_39.docx"
"39","13110_39.docx"
"39","13140_38_39_40_41_42_43_44_50.docx"
"39","13310_39_40_41.docx"
"39","13850_31_39_40_42.docx"
"39","13940_39_40_41.docx"
"39","14120_39_40_41_42_43_50_51.docx"
"39","14200_39_40_42.docx"
"39","14690_31_39_40_43.docx"
"39","14820_39_40.docx"
"39","14950_31_39_40.docx"
"40","10130_31_38_39_40.docx"
"40","11410_40.docx"
"40","11500_31_39_40.docx"
"40","11620_31_39_40.docx"
"40","13010_40.docx"
"40","13020_40.docx"
"40","13140_38_39_40_41_42_43_44_50.docx"
"40","13310_39_40_41.docx"
"40","13651_40_41_50.docx"
"40","13850_31_39_40_42.docx"
"40","13940_39_40_41.docx"
"40","14120_39_40_41_42_43_50_51.docx"
"40","14200_39_40_42.docx"
"40","14690_31_39_40_43.docx"
"40","14770_40_41_50_51.docx"
"40","14820_39_40.docx"
"40","14950_31_39_40.docx"
"4","10140_4_5.docx"
"4","10150_2_3_4.docx"
"4","10190_4.docx"
"4","10270_4_5_6.docx"
"4","10280_4_6_7_12.docx"
"4","10290_2_3_4_5_6_7_12.docx"
"4","10300_2_3_4_5_6_7.docx"
"4","10310_2_3_4_5_6_12.docx"
"4","10340_4_6_7.docx"
"4","10580_4.docx"
"4","10820_4_13.docx"
"4","10870_4_6_12_13_14_15_17_24_25.docx"
"4","10880_4_5.docx"
"4","10920_4.docx"
"4","10960_4.docx"
"4","10970_4_5.docx"
"4","10980_4.docx"
"4","10990_4.docx"
"4","11050_4_5.docx"
"4","11080_4_5_13_14_15_24_25.docx"
"4","11090_4_13.docx"
"4","11100_4.docx"
"4","11120_4_5.docx"
"4","11130_4.docx"
"4","11140_4_5.docx"
"4","11180_4.docx"
"4","11280_2_3_4.docx"
"4","11290_4_5.docx"
"4","11300_3_4.docx"
"4","11310_2_3_4.docx"
"4","11510_4_5.docx"
"4","11520_4_5.docx"
"4","11550_4.docx"
"4","11630_3_4_5.docx"
"4","11770_4.docx"
"5","10140_4_5.docx"
"5","10270_4_5_6.docx"
"5","10290_2_3_4_5_6_7_12.docx"
"5","10300_2_3_4_5_6_7.docx"
"5","10310_2_3_4_5_6_12.docx"
"5","10430_5.docx"
"5","10880_4_5.docx"
"5","10970_4_5.docx"
"5","11050_4_5.docx"
"5","11080_4_5_13_14_15_24_25.docx"
"5","11120_4_5.docx"
"5","11140_4_5.docx"
"5","11290_4_5.docx"
"5","11380_3_5.docx"
"5","11510_4_5.docx"
"5","11520_4_5.docx"
"5","11630_3_4_5.docx"
"13","10160_13_14.docx"
"13","10190_13_14.docx"
"13","10200_13.docx"
"13","10520_13.docx"
"13","10540_13_14.docx"
"13","10610_13.docx"
"13","10620_13.docx"
"13","10790_13.docx"
"13","10800_13_14.docx"
"13","10810_6_12_13_17.docx"
"13","10820_4_13.docx"
"13","10860_13_16_17_18_21_23.docx"
"13","10870_4_6_12_13_14_15_17_24_25.docx"
"13","10880_12_13_14_25.docx"
"13","10910_13_14.docx"
"13","10930_13_15_16_23_24_28.docx"
"13","11020_13_15_16_23_24.docx"
"13","11030_6_7_12_13_16_17_23.docx"
"13","11040_13_14_25.docx"
"13","11070_13.docx"
"13","11080_4_5_13_14_15_24_25.docx"
"13","11090_4_13.docx"
"13","11150_13.docx"
"13","11170_13_15_28.docx"
"13","11250_6_12_13_15_16_17_18_23_24_25_28.docx"
"13","11260_13.docx"
"13","11270_10_12_13_17_18.docx"
"13","11350_13_14.docx"
"13","11450_13.docx"
"13","11530_6_10_12_13_17_18_19_21.docx"
"13","11540_13.docx"
"13","11550_13_14.docx"
"13","11552_13_14_15.docx"
"13","11590_13.docx"
"14","10160_13_14.docx"
"14","10190_13_14.docx"
"14","10230_14_15_24_25.docx"
"14","10240_14_15_24.docx"
"14","10250_14_15_24_25_26.docx"
"14","10540_13_14.docx"
"14","10800_13_14.docx"
"14","10820_14.docx"
"14","10870_4_6_12_13_14_15_17_24_25.docx"
"14","10880_12_13_14_25.docx"
"14","10900_14.docx"
"14","10910_13_14.docx"
"14","10950_14.docx"
"14","11040_13_14_25.docx"
"14","11080_4_5_13_14_15_24_25.docx"
"14","11090_14.docx"
"14","11150_14.docx"
"14","11210_14.docx"
"14","11270_14.docx"
"14","11350_13_14.docx"
"14","11550_13_14.docx"
"14","11552_13_14_15.docx"
"25","10160_16_ 23_24_25.docx"
"25","10230_14_15_24_25.docx"
"25","10240_25_27.docx"
"25","10250_14_15_24_25_26.docx"
"25","10510_15_16_17_22_23_24_25.docx"
"25","10520_25.docx"
"25","10540_15_25.docx"
"25","10590_25.docx"
"25","10610_15_25.docx"
"25","10740_25_26.docx"
"25","10750_25.docx"
"25","10760_25.docx"
"25","10770_25_26.docx"
"25","10780_16_23_24_25.docx"
"25","10803_6_12_15_16_17_18_23_24_25.docx"
"25","10804_6_12_15_16_17_18_23_24_25.docx"
"25","10860_25.docx"
"25","10870_4_6_12_13_14_15_17_24_25.docx"
"25","10880_12_13_14_25.docx"
"25","10910_25.docx"
"25","10940_25.docx"
"25","10950_25.docx"
"25","11002_25.docx"
"25","11003_25.docx"
"25","11010_25.docx"
"25","11040_13_14_25.docx"
"25","11070_25_28.docx"
"25","11080_4_5_13_14_15_24_25.docx"
"25","11090_15_25.docx"
"25","11160_15_25.docx"
"25","11190_24_25.docx"
"25","11210_25.docx"
"25","11220_25.docx"
"25","11250_6_12_13_15_16_17_18_23_24_25_28.docx"
"25","11270_16_23_24_25.docx"
"25","11330_25.docx"
"25","11350_25.docx"
"25","11460_15_16_23_24_25_28.docx"
"25","11490_25.docx"
"25","11530_16_23_24_25_27.docx"
"25","11550_25.docx"
"25","11590_25.docx"
"25","15030_25_27.docx"
"25","15040_25_27.docx"
"8","10170_6_7_8_9_12_18.docx"
"8","10450_1_7_8_9.docx"
"8","10470_8_9.docx"
"8","10531_1_7_8_9.docx"
"8","10550_1_8_9.docx"
"8","10560_1_7_8_9.docx"
"8","10610_8_9_17.docx"
"8","10650_1_8_9_10.docx"
"8","10800_1_7_8_9.docx"
"8","10810_7_8_9.docx"
"8","11060_1_8_9.docx"
"8","11230_1_7_8_9.docx"
"8","11240_1_7_8_9.docx"
"8","11250_1_7_8_9_10_19.docx"
"8","11260_1_7_8_9_10_19.docx"
"8","11270_7_8_9.docx"
"8","11340_8_9.docx"
"8","11350_7_8_9_10_12_17_18.docx"
"8","11390_8_9.docx"
"8","11420_8.docx"
"8","11530_7_8_9.docx"
"8","11540_1_7_8_9.docx"
"8","11590_8_9.docx"
"8","11600_8_9.docx"
"8","11650_1_7_8.docx"
"26","10240_26.docx"
"26","10250_14_15_24_25_26.docx"
"26","10540_26.docx"
"26","10590_26.docx"
"26","10740_25_26.docx"
"26","10750_26.docx"
"26","10760_26.docx"
"26","10770_25_26.docx"
"26","10860_26.docx"
"26","10940_26.docx"
"26","10950_26_35.docx"
"26","11000_26.docx"
"26","11010_26.docx"
"26","11110_26.docx"
"26","11160_26.docx"
"26","11190_26.docx"
"26","11210_26.docx"
"26","11220_26.docx"
"26","11460_26.docx"
"26","11490_26.docx"
"26","11550_26_35.docx"
"26","11590_16_23_24_26.docx"
"26","13930_26_34.docx"
"26","14951_26_34.docx"
"26","15030_26.docx"
"26","15041_26_34.docx"
"26","15042_26_34.docx"
"33","10540_33.docx"
"33","10590_27_33.docx"
"33","10810_27_33.docx"
"33","10860_27_31_33.docx"
"33","10940_27_33.docx"
"33","11070_27_33.docx"
"33","11110_27_33.docx"
"33","11170_33.docx"
"33","11250_20_29_30_31_33.docx"
"33","11260_20_29_33.docx"
"33","11320_33.docx"
"33","11470_27_33.docx"
"33","11490_31_33.docx"
"33","11590_27_33.docx"
"33","11620_27_33.docx"
"33","14950_27_33.docx"
"30","10850_29_30.docx"
"30","11250_20_29_30_31_33.docx"
"30","11410_29_30.docx"
"30","11480_20_29_30.docx"
"30","11530_20_22_29_30.docx"
"30","11620_29_30.docx"
"30","11791_29_30.docx"
"30","11792_29_30.docx"
"30","13850_29_30.docx"
"30","14820_30.docx"
"30","14950_30.docx"
"32","10940_32_35.docx"
"32","11110_32_35.docx"
"32","11320_32_34_35.docx"
"32","11480_32.docx"
"32","11620_32_35.docx"
"32","13040_32_43_44_49.docx"
"32","13080_32_35.docx"
"32","13230_32_36_37_44_45_98.docx"
"32","13340_32_43_44.docx"
"32","13640_32_ 44_ 49.docx"
"32","13670_32_44.docx"
"32","13710_32_36_37_45_98.docx"
"32","13830_32_35_36.docx"
"32","13930_32_35.docx"
"32","14220_32_35_36_37.docx"
"32","14230_32_35.docx"
"32","14710_32_35.docx"
"32","14720_32_35.docx"
"32","14730_32_37_44.docx"
"32","14740_32_37_44_45_98.docx"
"32","15040_32_35.docx"
"32","15190_32_35_36_37.docx"
"32","15230_32_35.docx"
"35","10940_32_35.docx"
"35","10950_26_35.docx"
"35","11110_32_35.docx"
"35","11320_32_34_35.docx"
"35","11480_34_35.docx"
"35","11490_34_35.docx"
"35","11550_26_35.docx"
"35","11620_32_35.docx"
"35","13080_32_35.docx"
"35","13580_35_36.docx"
"35","13830_32_35_36.docx"
"35","13900_35_36.docx"
"35","13920_35.docx"
"35","13930_32_35.docx"
"35","14100_35.docx"
"35","14220_32_35_36_37.docx"
"35","14230_32_35.docx"
"35","14710_32_35.docx"
"35","14720_32_35.docx"
"35","14950_35.docx"
"35","15040_32_35.docx"
"35","15190_32_35_36_37.docx"
"35","15230_32_35.docx"
"35","15240_35.docx"
"35","15250_35.docx"
"34","10940_34.docx"
"34","11110_34.docx"
"34","11190_34.docx"
"34","11320_32_34_35.docx"
"34","11480_34_35.docx"
"34","11490_34_35.docx"
"34","11620_34.docx"
"34","13930_26_34.docx"
"34","14951_26_34.docx"
"34","14952_34.docx"
"34","15041_26_34.docx"
"34","15042_26_34.docx"
"63","13020_63.docx"
"63","13030_61_63_64_65_66.docx"
"63","13210_61_63.docx"
"63","13620_51_63_64_65_66.docx"
"63","13660_51_63_64_65_66.docx"
"63","13690_60_61_63_64_65_66.docx"
"63","13700_60_63_64_65_66.docx"
"63","13730_63_64.docx"
"63","13770_60_61_63_64_65_66.docx"
"63","14000_63.docx"
"63","14710_47_48_53_54_57_59_60_61_63.docx"
"63","14720_61_62_63.docx"
"63","14750_41_50_51_63_64_65_66.docx"
"63","14770_63_64_65_66.docx"
"63","14790_60_61_63_64_65_66.docx"
"63","14810_41_50_51_63.docx"
"63","14920_41_50_51_52_63.docx"
"63","14940_63_65_66.docx"
"63","15180_43_47_49_52_62_63_64_65.docx"
"64","13020_64.docx"
"64","13030_61_63_64_65_66.docx"
"64","13540_64_66.docx"
"64","13620_51_63_64_65_66.docx"
"64","13660_51_63_64_65_66.docx"
"64","13690_60_61_63_64_65_66.docx"
"64","13700_60_63_64_65_66.docx"
"64","13730_63_64.docx"
"64","13740_64_65_66.docx"
"64","13770_60_61_63_64_65_66.docx"
"64","13890_64_66.docx"
"64","14000_64.docx"
"64","14090_50_64.docx"
"64","14710_64_65.docx"
"64","14720_64_65_66.docx"
"64","14750_41_50_51_63_64_65_66.docx"
"64","14770_63_64_65_66.docx"
"64","14790_60_61_63_64_65_66.docx"
"64","14800_46_56_58_60_64_65_66.docx"
"64","14940_64.docx"
"64","15180_43_47_49_52_62_63_64_65.docx"
"64","15260_64_65_66.docx"
"65","13020_65_66.docx"
"65","13030_61_63_64_65_66.docx"
"65","13240_60_65_66.docx"
"65","13550_60_65.docx"
"65","13620_51_63_64_65_66.docx"
"65","13660_51_63_64_65_66.docx"
"65","13690_60_61_63_64_65_66.docx"
"65","13700_60_63_64_65_66.docx"
"65","13730_65_66.docx"
"65","13740_64_65_66.docx"
"65","13770_60_61_63_64_65_66.docx"
"65","13790_60_65.docx"
"65","14360_65_66.docx"
"65","14710_64_65.docx"
"65","14720_64_65_66.docx"
"65","14750_41_50_51_63_64_65_66.docx"
"65","14770_63_64_65_66.docx"
"65","14790_60_61_63_64_65_66.docx"
"65","14800_46_56_58_60_64_65_66.docx"
"65","14900_65_66.docx"
"65","14940_63_65_66.docx"
"65","15180_43_47_49_52_62_63_64_65.docx"
"65","15260_64_65_66.docx"
"66","13020_65_66.docx"
"66","13030_61_63_64_65_66.docx"
"66","13240_60_65_66.docx"
"66","13440_66.docx"
"66","13540_64_66.docx"
"66","13620_51_63_64_65_66.docx"
"66","13660_51_63_64_65_66.docx"
"66","13690_60_61_63_64_65_66.docx"
"66","13700_60_63_64_65_66.docx"
"66","13730_65_66.docx"
"66","13740_64_65_66.docx"
"66","13770_60_61_63_64_65_66.docx"
"66","13860_66.docx"
"66","13890_64_66.docx"
"66","14360_65_66.docx"
"66","14720_64_65_66.docx"
"66","14750_41_50_51_63_64_65_66.docx"
"66","14770_63_64_65_66.docx"
"66","14790_60_61_63_64_65_66.docx"
"66","14800_46_56_58_60_64_65_66.docx"
"66","14900_65_66.docx"
"66","14940_63_65_66.docx"
"66","15260_64_65_66.docx"
"41","13022_41_50_51.docx"
"41","13100_41_62.docx"
"41","13140_38_39_40_41_42_43_44_50.docx"
"41","13310_39_40_41.docx"
"41","13440_41.docx"
"41","13620_41_50.docx"
"41","13622_41_50.docx"
"41","13651_40_41_50.docx"
"41","13652_41.docx"
"41","13653_41.docx"
"41","13940_39_40_41.docx"
"41","13950_41_42_43_49_52.docx"
"41","14071_41_50_51.docx"
"41","14072_41_50_51.docx"
"41","14120_39_40_41_42_43_50_51.docx"
"41","14200_41.docx"
"41","14440_41_50_51.docx"
"41","14710_41_50.docx"
"41","14750_41_50_51_63_64_65_66.docx"
"41","14770_40_41_50_51.docx"
"41","14790_41_42_47_48_50_51_53.docx"
"41","14810_41_50_51_63.docx"
"41","14920_41_50_51_52_63.docx"
"41","14930_41_42_44_50.docx"
"41","14940_41_50_51.docx"
"50","13022_41_50_51.docx"
"50","13100_44_50.docx"
"50","13110_50.docx"
"50","13130_47_50_51.docx"
"50","13140_38_39_40_41_42_43_44_50.docx"
"50","13620_41_50.docx"
"50","13622_41_50.docx"
"50","13651_40_41_50.docx"
"50","13660_50.docx"
"50","13940_50_51.docx"
"50","13950_50.docx"
"50","14071_41_50_51.docx"
"50","14072_41_50_51.docx"
"50","14090_50_64.docx"
"50","14120_39_40_41_42_43_50_51.docx"
"50","14210_31_38_42_43_44_50_51.docx"
"50","14440_41_50_51.docx"
"50","14660_50_51.docx"
"50","14710_41_50.docx"
"50","14750_41_50_51_63_64_65_66.docx"
"50","14770_40_41_50_51.docx"
"50","14790_41_42_47_48_50_51_53.docx"
"50","14810_41_50_51_63.docx"
"50","14920_41_50_51_52_63.docx"
"50","14930_41_42_44_50.docx"
"50","14940_41_50_51.docx"
"50","15170_42_49_50.docx"
"51","13022_41_50_51.docx"
"51","13023_51.docx"
"51","13100_51.docx"
"51","13110_51.docx"
"51","13130_47_50_51.docx"
"51","13441_51.docx"
"51","13442_51.docx"
"51","13620_51_63_64_65_66.docx"
"51","13651_51.docx"
"51","13652_51.docx"
"51","13660_51_63_64_65_66.docx"
"51","13940_50_51.docx"
"51","13950_51.docx"
"51","14071_41_50_51.docx"
"51","14072_41_50_51.docx"
"51","14110_49_51_52.docx"
"51","14120_39_40_41_42_43_50_51.docx"
"51","14210_31_38_42_43_44_50_51.docx"
"51","14440_41_50_51.docx"
"51","14660_50_51.docx"
"51","14710_51_62.docx"
"51","14750_41_50_51_63_64_65_66.docx"
"51","14770_40_41_50_51.docx"
"51","14790_41_42_47_48_50_51_53.docx"
"51","14810_41_50_51_63.docx"
"51","14920_41_50_51_52_63.docx"
"51","14940_41_50_51.docx"
"60","13030_60.docx"
"60","13160_60.docx"
"60","13240_60_65_66.docx"
"60","13350_55_58_60.docx"
"60","13430_58_60.docx"
"60","13470_55_58_60.docx"
"60","13520_53_54_57_59_60_61.docx"
"60","13530_46_48_53_54_57_59_60_61.docx"
"60","13550_60_65.docx"
"60","13610_58_60.docx"
"60","13680_46_48_54_57_59_60_61.docx"
"60","13690_60_61_63_64_65_66.docx"
"60","13700_60_63_64_65_66.docx"
"60","13750_60.docx"
"60","13770_60_61_63_64_65_66.docx"
"60","13790_60_65.docx"
"60","14000_60_61.docx"
"60","14360_60.docx"
"60","14490_58_60.docx"
"60","14520_58_60.docx"
"60","14680_60.docx"
"60","14710_47_48_53_54_57_59_60_61_63.docx"
"60","14720_53_54_57_59_60.docx"
"60","14730_55_58_60.docx"
"60","14740_46_47_48_55_56_58_60_99.docx"
"60","14790_60_61_63_64_65_66.docx"
"60","14800_46_56_58_60_64_65_66.docx"
"60","14900_60.docx"
"60","15010_58_60.docx"
"61","13030_61_63_64_65_66.docx"
"61","13150_48_53_57_59_61.docx"
"61","13160_54_57_59_61.docx"
"61","13170_57_61.docx"
"61","13180_57_59_61.docx"
"61","13200_48_57_61.docx"
"61","13210_61_63.docx"
"61","13400_61.docx"
"61","13500_61.docx"
"61","13520_53_54_57_59_60_61.docx"
"61","13530_46_48_53_54_57_59_60_61.docx"
"61","13680_46_48_54_57_59_60_61.docx"
"61","13690_60_61_63_64_65_66.docx"
"61","13700_53_61_62.docx"
"61","13760_48_53_57_61.docx"
"61","13770_60_61_63_64_65_66.docx"
"61","14000_60_61.docx"
"61","14710_47_48_53_54_57_59_60_61_63.docx"
"61","14720_61_62_63.docx"
"61","14790_60_61_63_64_65_66.docx"
"62","13030_62.docx"
"62","13100_41_62.docx"
"62","13130_49_52_62.docx"
"62","13170_62.docx"
"62","13210_62.docx"
"62","13700_53_61_62.docx"
"62","14710_51_62.docx"
"62","14720_61_62_63.docx"
"62","14790_52_62.docx"
"62","14930_52_62.docx"
"62","15180_43_47_49_52_62_63_64_65.docx"
"43","13040_32_43_44_49.docx"
"43","13080_38_43_44.docx"
"43","13100_38_42_43.docx"
"43","13110_42_43.docx"
"43","13140_38_39_40_41_42_43_44_50.docx"
"43","13340_32_43_44.docx"
"43","13950_41_42_43_49_52.docx"
"43","14010_43_44_47_48_53.docx"
"43","14120_39_40_41_42_43_50_51.docx"
"43","14210_31_38_42_43_44_50_51.docx"
"43","14230_43_44_.docx"
"43","14690_31_39_40_43.docx"
"43","14710_42_43.docx"
"43","14880_38_42_43.docx"
"43","15180_43_47_49_52_62_63_64_65.docx"
"44","13040_32_43_44_49.docx"
"44","13080_38_43_44.docx"
"44","13100_44_50.docx"
"44","13110_44.docx"
"44","13120_44.docx"
"44","13140_38_39_40_41_42_43_44_50.docx"
"44","13230_32_36_37_44_45_98.docx"
"44","13340_32_43_44.docx"
"44","13670_32_44.docx"
"44","13710_44.docx"
"44","13780_37_44.docx"
"44","13940_44_49.doc.docx"
"44","14010_43_44_47_48_53.docx"
"44","14151_44.docx"
"44","14152_44.docx"
"44","14210_31_38_42_43_44_50_51.docx"
"44","14230_43_44_.docx"
"44","14280_37_44.docx"
"44","14580_37_44_45_98.docx"
"44","14710_44.docx"
"44","14712_44.docx"
"44","14720_44_46_47_48.docx"
"44","14730_32_37_44.docx"
"44","14740_32_37_44_45_98.docx"
"44","14800_36_37_44.docx"
"44","14930_41_42_44_50.docx"
"44","15060_37_44.docx"
"44","15070_44.docx"
"49","13040_32_43_44_49.docx"
"49","13050_49.docx"
"49","13100_49.docx"
"49","13110_49.docx"
"49","13130_49_52_62.docx"
"49","13140_49.docx"
"49","13210_49.docx"
"49","13260_49.docx"
"49","13940_44_49.doc.docx"
"49","13950_41_42_43_49_52.docx"
"49","14010_49.docx"
"49","14110_49_51_52.docx"
"49","14120_49.docx"
"49","14210_49_52.docx"
"49","14570_49.docx"
"49","14660_49.docx"
"49","14690_38_42_49_.docx"
"49","14710_49_52.docx"
"49","14720_49.docx"
"49","15170_42_49_50.docx"
"49","15180_43_47_49_52_62_63_64_65.docx"
"47","13050_47_48.docx"
"47","13060_47_48.docx"
"47","13070_46_47_48.docx"
"47","13100_47.docx"
"47","13130_47_50_51.docx"
"47","13210_47_48_53_57.docx"
"47","13250_46_47_48.docx"
"47","13260_47.docx"
"47","13270_45_46_47.docx"
"47","13530_47.docx"
"47","13570_46_47_55_58_99.docx"
"47","13630_47_53.docx"
"47","14010_43_44_47_48_53.docx"
"47","14130_47.docx"
"47","14180_47.docx"
"47","14270_47.docx"
"47","14570_47_48.docx"
"47","14710_47_48_53_54_57_59_60_61_63.docx"
"47","14720_44_46_47_48.docx"
"47","14730_45_46_47_98_99.docx"
"47","14740_46_47_48_55_56_58_60_99.docx"
"47","14790_41_42_47_48_50_51_53.docx"
"47","14800_47.docx"
"47","15090_45_47.docx"
"47","15180_43_47_49_52_62_63_64_65.docx"
"48","13050_47_48.docx"
"48","13060_47_48.docx"
"48","13070_46_47_48.docx"
"48","13150_48_53_57_59_61.docx"
"48","13170_48_53.docx"
"48","13180_48_53.docx"
"48","13200_48_57_61.docx"
"48","13210_47_48_53_57.docx"
"48","13250_46_47_48.docx"
"48","13300_46_48_54_55_56_99.docx"
"48","13490_46_48_54_55_99.docx"
"48","13510_48_54_59.docx"
"48","13530_46_48_53_54_57_59_60_61.docx"
"48","13680_46_48_54_57_59_60_61.docx"
"48","13760_48_53_57_61.docx"
"48","13970_48.docx"
"48","14010_43_44_47_48_53.docx"
"48","14080_48.docx"
"48","14160_48.docx"
"48","14170_48.docx"
"48","14570_47_48.docx"
"48","14710_47_48_53_54_57_59_60_61_63.docx"
"48","14720_44_46_47_48.docx"
"48","14740_46_47_48_55_56_58_60_99.docx"
"48","14790_41_42_47_48_50_51_53.docx"
"53","13050_53.docx"
"53","13090_53_57.docx"
"53","13150_48_53_57_59_61.docx"
"53","13170_48_53.docx"
"53","13180_48_53.docx"
"53","13210_47_48_53_57.docx"
"53","13520_53_54_57_59_60_61.docx"
"53","13530_46_48_53_54_57_59_60_61.docx"
"53","13630_47_53.docx"
"53","13700_53_61_62.docx"
"53","13760_48_53_57_61.docx"
"53","14010_43_44_47_48_53.docx"
"53","14710_47_48_53_54_57_59_60_61_63.docx"
"53","14720_53_54_57_59_60.docx"
"53","14790_41_42_47_48_50_51_53.docx"
"46","13070_46_47_48.docx"
"46","13250_46_47_48.docx"
"46","13270_45_46_47.docx"
"46","13280_46_99.docx"
"46","13290_45_46_99.docx"
"46","13300_46_48_54_55_56_99.docx"
"46","13490_46_48_54_55_99.docx"
"46","13530_46_48_53_54_57_59_60_61.docx"
"46","13570_46_47_55_58_99.docx"
"46","13680_46_48_54_57_59_60_61.docx"
"46","13720_46_99.docx"
"46","14300_46.docx"
"46","14550_46_99.docx"
"46","14610_46_55_56_99.docx"
"46","14680_46_55_58_99.docx"
"46","14720_44_46_47_48.docx"
"46","14730_45_46_47_98_99.docx"
"46","14740_46_47_48_55_56_58_60_99.docx"
"46","14800_46_56_58_60_64_65_66.docx"
"57","13090_53_57.docx"
"57","13150_48_53_57_59_61.docx"
"57","13160_54_57_59_61.docx"
"57","13170_57_61.docx"
"57","13180_57_59_61.docx"
"57","13200_48_57_61.docx"
"57","13210_47_48_53_57.docx"
"57","13500_57.docx"
"57","13520_53_54_57_59_60_61.docx"
"57","13530_46_48_53_54_57_59_60_61.docx"
"57","13680_46_48_54_57_59_60_61.docx"
"57","13760_48_53_57_61.docx"
"57","14140_57.docx"
"57","14710_47_48_53_54_57_59_60_61_63.docx"
"57","14720_53_54_57_59_60.docx"
"42","13100_38_42_43.docx"
"42","13110_42_43.docx"
"42","13140_38_39_40_41_42_43_44_50.docx"
"42","13850_31_39_40_42.docx"
"42","13940_42.docx"
"42","13950_41_42_43_49_52.docx"
"42","14120_39_40_41_42_43_50_51.docx"
"42","14200_39_40_42.docx"
"42","14210_31_38_42_43_44_50_51.docx"
"42","14690_38_42_49_.docx"
"42","14710_42_43.docx"
"42","14790_41_42_47_48_50_51_53.docx"
"42","14880_38_42_43.docx"
"42","14930_41_42_44_50.docx"
"42","15170_42_49_50.docx"
"52","13100_52.docx"
"52","13110_52.docx"
"52","13130_49_52_62.docx"
"52","13940_52.docx"
"52","13950_41_42_43_49_52.docx"
"52","14110_49_51_52.docx"
"52","14120_52.docx"
"52","14210_49_52.docx"
"52","14710_49_52.docx"
"52","14790_52_62.docx"
"52","14920_41_50_51_52_63.docx"
"52","14930_52_62.docx"
"52","15180_43_47_49_52_62_63_64_65.docx"
"59","13150_48_53_57_59_61.docx"
"59","13160_54_57_59_61.docx"
"59","13180_57_59_61.docx"
"59","13420_59.docx"
"59","13510_48_54_59.docx"
"59","13520_53_54_57_59_60_61.docx"
"59","13530_46_48_53_54_57_59_60_61.docx"
"59","13680_46_48_54_57_59_60_61.docx"
"59","14710_47_48_53_54_57_59_60_61_63.docx"
"59","14720_53_54_57_59_60.docx"
"54","13160_54_57_59_61.docx"
"54","13300_46_48_54_55_56_99.docx"
"54","13430_54_55.docx"
"54","13460_54_55_58.docx"
"54","13490_46_48_54_55_99.docx"
"54","13510_48_54_59.docx"
"54","13520_53_54_57_59_60_61.docx"
"54","13530_46_48_53_54_57_59_60_61.docx"
"54","13680_46_48_54_57_59_60_61.docx"
"54","14710_47_48_53_54_57_59_60_61_63.docx"
"54","14720_53_54_57_59_60.docx"
"45","13220_45.docx"
"45","13230_32_36_37_44_45_98.docx"
"45","13270_45_46_47.docx"
"45","13290_45_46_99.docx"
"45","13480_37_45_98.docx"
"45","13710_32_36_37_45_98.docx"
"45","13810_45.docx"
"45","14290_37_45.docx"
"45","14320_45.docx"
"45","14580_37_44_45_98.docx"
"45","14730_45_46_47_98_99.docx"
"45","14740_32_37_44_45_98.docx"
"45","14800_45_98.docx"
"45","15090_45_47.docx"
"45","15100_45.docx"
"45","15130_45.docx"
"36","13230_32_36_37_44_45_98.docx"
"36","13380_36.docx"
"36","13390_36_37_98.docx"
"36","13580_35_36.docx"
"36","13710_32_36_37_45_98.docx"
"36","13830_32_35_36.docx"
"36","13900_35_36.docx"
"36","13920_36.docx"
"36","14220_32_35_36_37.docx"
"36","14340_36.docx"
"36","14370_36.docx"
"36","14380_36.docx"
"36","14390_36.docx"
"36","14400_36.docx"
"36","14420_36.docx"
"36","14670_36.docx"
"36","14730_36.docx"
"36","14740_36.docx"
"36","14760_36.docx"
"36","14800_36_37_44.docx"
"36","14860_36.docx"
"36","14900_36.docx"
"36","14950_36.docx"
"36","15190_32_35_36_37.docx"
"37","13230_32_36_37_44_45_98.docx"
"37","13390_36_37_98.docx"
"37","13480_37_45_98.docx"
"37","13710_32_36_37_45_98.docx"
"37","13780_37_44.docx"
"37","14220_32_35_36_37.docx"
"37","14280_37_44.docx"
"37","14290_37_45.docx"
"37","14340_37_98.docx"
"37","14510_37_98.docx"
"37","14580_37_44_45_98.docx"
"37","14730_32_37_44.docx"
"37","14740_32_37_44_45_98.docx"
"37","14800_36_37_44.docx"
"37","14900_37_98.docx"
"37","15060_37_44.docx"
"37","15190_32_35_36_37.docx"
"98","13230_32_36_37_44_45_98.docx"
"98","13390_36_37_98.docx"
"98","13480_37_45_98.docx"
"98","13710_32_36_37_45_98.docx"
"98","13840_98.docx"
"98","14340_37_98.docx"
"98","14510_37_98.docx"
"98","14580_37_44_45_98.docx"
"98","14730_45_46_47_98_99.docx"
"98","14740_32_37_44_45_98.docx"
"98","14800_45_98.docx"
"98","14900_37_98.docx"
"99","13280_46_99.docx"
"99","13290_45_46_99.docx"
"99","13300_46_48_54_55_56_99.docx"
"99","13490_46_48_54_55_99.docx"
"99","13560_55_56_99.docx"
"99","13570_46_47_55_58_99.docx"
"99","13720_46_99.docx"
"99","13800_55_99.docx"
"99","14350_99.docx"
"99","14540_55_56_99.docx"
"99","14550_46_99.docx"
"99","14600_55_56_99.docx"
"99","14610_46_55_56_99.docx"
"99","14680_46_55_58_99.docx"
"99","14730_45_46_47_98_99.docx"
"99","14740_46_47_48_55_56_58_60_99.docx"
"99","14800_55_99.docx"
"99","14850_55_99.docx"
"99","14890_55_56_99.docx"
"99","14900_55_56_58_99.docx"
"55","13300_46_48_54_55_56_99.docx"
"55","13350_55_58_60.docx"
"55","13430_54_55.docx"
"55","13460_54_55_58.docx"
"55","13470_55_58_60.docx"
"55","13490_46_48_54_55_99.docx"
"55","13560_55_56_99.docx"
"55","13570_46_47_55_58_99.docx"
"55","13800_55_99.docx"
"55","13820_55_58.docx"
"55","13870_55_56.docx"
"55","14500_55_58.docx"
"55","14530_55_56.docx"
"55","14540_55_56_99.docx"
"55","14600_55_56_99.docx"
"55","14610_46_55_56_99.docx"
"55","14680_46_55_58_99.docx"
"55","14730_55_58_60.docx"
"55","14740_46_47_48_55_56_58_60_99.docx"
"55","14800_55_99.docx"
"55","14850_55_99.docx"
"55","14890_55_56_99.docx"
"55","14900_55_56_58_99.docx"
"56","13300_46_48_54_55_56_99.docx"
"56","13330_56.docx"
"56","13360_56.docx"
"56","13370_56.docx"
"56","13560_55_56_99.docx"
"56","13600_56.docx"
"56","13870_55_56.docx"
"56","14250_56.docx"
"56","14450_56.docx"
"56","14460_56.docx"
"56","14470_56.docx"
"56","14530_55_56.docx"
"56","14540_55_56_99.docx"
"56","14600_55_56_99.docx"
"56","14610_46_55_56_99.docx"
"56","14700_56.docx"
"56","14740_46_47_48_55_56_58_60_99.docx"
"56","14780_56.docx"
"56","14800_46_56_58_60_64_65_66.docx"
"56","14830_56.docx"
"56","14890_55_56_99.docx"
"56","14900_55_56_58_99.docx"
"58","13350_55_58_60.docx"
"58","13430_58_60.docx"
"58","13460_54_55_58.docx"
"58","13470_55_58_60.docx"
"58","13570_46_47_55_58_99.docx"
"58","13610_58_60.docx"
"58","13820_55_58.docx"
"58","14260_58.docx"
"58","14490_58_60.docx"
"58","14500_55_58.docx"
"58","14520_58_60.docx"
"58","14590_58.docx"
"58","14680_46_55_58_99.docx"
"58","14730_55_58_60.docx"
"58","14740_46_47_48_55_56_58_60_99.docx"
"58","14800_46_56_58_60_64_65_66.docx"
"58","14900_55_56_58_99.docx"
"58","15010_58_60.docx"
"67","16011_67_68_69_70_71_72_73_74_76_78.docx"
"67","16030_67_68_69_70_71_72_73_74_75_76_77_78.docx"
"67","16050_67_68_69_70_71_72_73_74_75_76_77_78_80.docx"
"67","16282_67_68_69_70_71_72_73_74_75_76_77.docx"
"67","16292_67_68_69_70_71_72_73_74_76.docx"
"67","16380_67_68_69_70_71_72_73_76.docx"
"67","16390_67_68_69_70_71_72_73_76.docx"
"67","16822_67_68_69_70_71_72_73_74_76.docx"
"67","16832_67_68_69.docx"
"67","16850_67_68_69_70_71_72_73_76.docx"
"67","16870_67_68_69_70_71_72_73_74_75_76_77.docx"
"67","16880_67_68_69_70_71_72_73_74_76.docx"
"67","16902_67_68_69_70_71_72_73_74_75_76_77.docx"
"67","16970_67_68_69_70_71_72_76.docx"
"67","16990_67_68_69_70_71_72_73_76.docx"
"67","17010_67_68_72.docx"
"67","17020_67_68_69_70_72_73_76.docx"
"67","17060_67_68_69_70_71_72_73_76.docx"
"67","17080_67_68_69.docx"
"67","17090_67_68_72_76_80.docx"
"67","17110_67_68_72.docx"
"67","17130_67_68_72_76.docx"
"67","17140_67_68_69_72_76.docx"
"67","17150_67_68_69_72.docx"
"68","16011_67_68_69_70_71_72_73_74_76_78.docx"
"68","16013_68_69_70_72_73_74_76.docx"
"68","16030_67_68_69_70_71_72_73_74_75_76_77_78.docx"
"68","16041_68_69_70_71_72_73_74_75_76_77_78.docx"
"68","16050_67_68_69_70_71_72_73_74_75_76_77_78_80.docx"
"68","16090_68_69_70_71_72_73_74_75_76_77_78.docx"
"68","16091_68_69_70_71_72_73_74_75_76.docx"
"68","16101_68_69_70_71_72_73_74_75_76_77.docx"
"68","16110_68_69_70_71_72_73_74_75_76_77_78_80.docx"
"68","16130_68.docx"
"68","16141_68_69_70_71_72_73_74_76_78.docx"
"68","16150_68_69_70_71_72_73_74_75_76_77_80.docx"
"68","16180_68_70_71_72_73_74_75_76_77_78.docx"
"68","16200_68_69_70_71_72_73_74_75_76_77_78.docx"
"68","16210_68_69_70_71_72_73_74_75_76_77.docx"
"68","16240_68_69_70_71_72_73_74_75_76_77_78.docx"
"68","16281_68_69_70_71_72_73_74_76.docx"
"68","16282_67_68_69_70_71_72_73_74_75_76_77.docx"
"68","16291_68.docx"
"68","16292_67_68_69_70_71_72_73_74_76.docx"
"68","16300_68_69_70_71_72_73_74_75_76_77_78.docx"
"68","16330_68_69_70_71_73_74_75_76_77_78.docx"
"68","16350_68_69_70_71_72_73_74_75_76_77_78.docx"
"68","16370_68_69_70_71_72_73_74_75_76_77_78_80.docx"
"68","16380_67_68_69_70_71_72_73_76.docx"
"68","16390_67_68_69_70_71_72_73_76.docx"
"68","16821_68.docx"
"68","16822_67_68_69_70_71_72_73_74_76.docx"
"68","16831_68.docx"
"68","16832_67_68_69.docx"
"68","16850_67_68_69_70_71_72_73_76.docx"
"68","16870_67_68_69_70_71_72_73_74_75_76_77.docx"
"68","16880_67_68_69_70_71_72_73_74_76.docx"
"68","16901_68.docx"
"68","16902_67_68_69_70_71_72_73_74_75_76_77.docx"
"68","16970_67_68_69_70_71_72_76.docx"
"68","16990_67_68_69_70_71_72_73_76.docx"
"68","17010_67_68_72.docx"
"68","17020_67_68_69_70_72_73_76.docx"
"68","17040_68_72.docx"
"68","17060_67_68_69_70_71_72_73_76.docx"
"68","17080_67_68_69.docx"
"68","17090_67_68_72_76_80.docx"
"68","17110_67_68_72.docx"
"68","17130_67_68_72_76.docx"
"68","17140_67_68_69_72_76.docx"
"68","17150_67_68_69_72.docx"
"68","17220_68_69_70_71_72_73_74_75_76_77_78.docx"
"69","16011_67_68_69_70_71_72_73_74_76_78.docx"
"69","16013_68_69_70_72_73_74_76.docx"
"69","16030_67_68_69_70_71_72_73_74_75_76_77_78.docx"
"69","16041_68_69_70_71_72_73_74_75_76_77_78.docx"
"69","16050_67_68_69_70_71_72_73_74_75_76_77_78_80.docx"
"69","16090_68_69_70_71_72_73_74_75_76_77_78.docx"
"69","16091_68_69_70_71_72_73_74_75_76.docx"
"69","16101_68_69_70_71_72_73_74_75_76_77.docx"
"69","16110_68_69_70_71_72_73_74_75_76_77_78_80.docx"
"69","16141_68_69_70_71_72_73_74_76_78.docx"
"69","16150_68_69_70_71_72_73_74_75_76_77_80.docx"
"69","16200_68_69_70_71_72_73_74_75_76_77_78.docx"
"69","16210_68_69_70_71_72_73_74_75_76_77.docx"
"69","16240_68_69_70_71_72_73_74_75_76_77_78.docx"
"69","16281_68_69_70_71_72_73_74_76.docx"
"69","16282_67_68_69_70_71_72_73_74_75_76_77.docx"
"69","16292_67_68_69_70_71_72_73_74_76.docx"
"69","16300_68_69_70_71_72_73_74_75_76_77_78.docx"
"69","16330_68_69_70_71_73_74_75_76_77_78.docx"
"69","16350_68_69_70_71_72_73_74_75_76_77_78.docx"
"69","16370_68_69_70_71_72_73_74_75_76_77_78_80.docx"
"69","16380_67_68_69_70_71_72_73_76.docx"
"69","16390_67_68_69_70_71_72_73_76.docx"
"69","16822_67_68_69_70_71_72_73_74_76.docx"
"69","16832_67_68_69.docx"
"69","16850_67_68_69_70_71_72_73_76.docx"
"69","16870_67_68_69_70_71_72_73_74_75_76_77.docx"
"69","16880_67_68_69_70_71_72_73_74_76.docx"
"69","16902_67_68_69_70_71_72_73_74_75_76_77.docx"
"69","16970_67_68_69_70_71_72_76.docx"
"69","16990_67_68_69_70_71_72_73_76.docx"
"69","17020_67_68_69_70_72_73_76.docx"
"69","17060_67_68_69_70_71_72_73_76.docx"
"69","17080_67_68_69.docx"
"69","17140_67_68_69_72_76.docx"
"69","17150_67_68_69_72.docx"
"69","17220_68_69_70_71_72_73_74_75_76_77_78.docx"
"70","16011_67_68_69_70_71_72_73_74_76_78.docx"
"70","16013_68_69_70_72_73_74_76.docx"
"70","16030_67_68_69_70_71_72_73_74_75_76_77_78.docx"
"70","16041_68_69_70_71_72_73_74_75_76_77_78.docx"
"70","16050_67_68_69_70_71_72_73_74_75_76_77_78_80.docx"
"70","16061_70_71_73_74_75_76_77_78.docx"
"70","16090_68_69_70_71_72_73_74_75_76_77_78.docx"
"70","16091_68_69_70_71_72_73_74_75_76.docx"
"70","16101_68_69_70_71_72_73_74_75_76_77.docx"
"70","16110_68_69_70_71_72_73_74_75_76_77_78_80.docx"
"70","16120_70_71_73_74.docx"
"70","16141_68_69_70_71_72_73_74_76_78.docx"
"70","16150_68_69_70_71_72_73_74_75_76_77_80.docx"
"70","16160_70_71_72_73_74_75_76_77_78_80.docx"
"70","16180_68_70_71_72_73_74_75_76_77_78.docx"
"70","16200_68_69_70_71_72_73_74_75_76_77_78.docx"
"70","16210_68_69_70_71_72_73_74_75_76_77.docx"
"70","16240_68_69_70_71_72_73_74_75_76_77_78.docx"
"70","16281_68_69_70_71_72_73_74_76.docx"
"70","16282_67_68_69_70_71_72_73_74_75_76_77.docx"
"70","16292_67_68_69_70_71_72_73_74_76.docx"
"70","16300_68_69_70_71_72_73_74_75_76_77_78.docx"
"70","16330_68_69_70_71_73_74_75_76_77_78.docx"
"70","16350_68_69_70_71_72_73_74_75_76_77_78.docx"
"70","16370_68_69_70_71_72_73_74_75_76_77_78_80.docx"
"70","16380_67_68_69_70_71_72_73_76.docx"
"70","16390_67_68_69_70_71_72_73_76.docx"
"70","16822_67_68_69_70_71_72_73_74_76.docx"
"70","16850_67_68_69_70_71_72_73_76.docx"
"70","16870_67_68_69_70_71_72_73_74_75_76_77.docx"
"70","16880_67_68_69_70_71_72_73_74_76.docx"
"70","16902_67_68_69_70_71_72_73_74_75_76_77.docx"
"70","16970_67_68_69_70_71_72_76.docx"
"70","16990_67_68_69_70_71_72_73_76.docx"
"70","17020_67_68_69_70_72_73_76.docx"
"70","17060_67_68_69_70_71_72_73_76.docx"
"70","17220_68_69_70_71_72_73_74_75_76_77_78.docx"
"71","16011_67_68_69_70_71_72_73_74_76_78.docx"
"71","16030_67_68_69_70_71_72_73_74_75_76_77_78.docx"
"71","16041_68_69_70_71_72_73_74_75_76_77_78.docx"
"71","16050_67_68_69_70_71_72_73_74_75_76_77_78_80.docx"
"71","16061_70_71_73_74_75_76_77_78.docx"
"71","16090_68_69_70_71_72_73_74_75_76_77_78.docx"
"71","16091_68_69_70_71_72_73_74_75_76.docx"
"71","16101_68_69_70_71_72_73_74_75_76_77.docx"
"71","16110_68_69_70_71_72_73_74_75_76_77_78_80.docx"
"71","16120_70_71_73_74.docx"
"71","16141_68_69_70_71_72_73_74_76_78.docx"
"71","16150_68_69_70_71_72_73_74_75_76_77_80.docx"
"71","16160_70_71_72_73_74_75_76_77_78_80.docx"
"71","16180_68_70_71_72_73_74_75_76_77_78.docx"
"71","16200_68_69_70_71_72_73_74_75_76_77_78.docx"
"71","16210_68_69_70_71_72_73_74_75_76_77.docx"
"71","16240_68_69_70_71_72_73_74_75_76_77_78.docx"
"71","16281_68_69_70_71_72_73_74_76.docx"
"71","16282_67_68_69_70_71_72_73_74_75_76_77.docx"
"71","16292_67_68_69_70_71_72_73_74_76.docx"
"71","16300_68_69_70_71_72_73_74_75_76_77_78.docx"
"71","16330_68_69_70_71_73_74_75_76_77_78.docx"
"71","16350_68_69_70_71_72_73_74_75_76_77_78.docx"
"71","16370_68_69_70_71_72_73_74_75_76_77_78_80.docx"
"71","16380_67_68_69_70_71_72_73_76.docx"
"71","16390_67_68_69_70_71_72_73_76.docx"
"71","16822_67_68_69_70_71_72_73_74_76.docx"
"71","16850_67_68_69_70_71_72_73_76.docx"
"71","16870_67_68_69_70_71_72_73_74_75_76_77.docx"
"71","16880_67_68_69_70_71_72_73_74_76.docx"
"71","16902_67_68_69_70_71_72_73_74_75_76_77.docx"
"71","16970_67_68_69_70_71_72_76.docx"
"71","16990_67_68_69_70_71_72_73_76.docx"
"71","17060_67_68_69_70_71_72_73_76.docx"
"71","17220_68_69_70_71_72_73_74_75_76_77_78.docx"
"72","16011_67_68_69_70_71_72_73_74_76_78.docx"
"72","16013_68_69_70_72_73_74_76.docx"
"72","16030_67_68_69_70_71_72_73_74_75_76_77_78.docx"
"72","16041_68_69_70_71_72_73_74_75_76_77_78.docx"
"72","16050_67_68_69_70_71_72_73_74_75_76_77_78_80.docx"
"72","16090_68_69_70_71_72_73_74_75_76_77_78.docx"
"72","16091_68_69_70_71_72_73_74_75_76.docx"
"72","16101_68_69_70_71_72_73_74_75_76_77.docx"
"72","16110_68_69_70_71_72_73_74_75_76_77_78_80.docx"
"72","16141_68_69_70_71_72_73_74_76_78.docx"
"72","16150_68_69_70_71_72_73_74_75_76_77_80.docx"
"72","16160_70_71_72_73_74_75_76_77_78_80.docx"
"72","16180_68_70_71_72_73_74_75_76_77_78.docx"
"72","16200_68_69_70_71_72_73_74_75_76_77_78.docx"
"72","16210_68_69_70_71_72_73_74_75_76_77.docx"
"72","16240_68_69_70_71_72_73_74_75_76_77_78.docx"
"72","16281_68_69_70_71_72_73_74_76.docx"
"72","16282_67_68_69_70_71_72_73_74_75_76_77.docx"
"72","16292_67_68_69_70_71_72_73_74_76.docx"
"72","16300_68_69_70_71_72_73_74_75_76_77_78.docx"
"72","16350_68_69_70_71_72_73_74_75_76_77_78.docx"
"72","16370_68_69_70_71_72_73_74_75_76_77_78_80.docx"
"72","16380_67_68_69_70_71_72_73_76.docx"
"72","16390_67_68_69_70_71_72_73_76.docx"
"72","16510_72_76_80.docx"
"72","16822_67_68_69_70_71_72_73_74_76.docx"
"72","16850_67_68_69_70_71_72_73_76.docx"
"72","16870_67_68_69_70_71_72_73_74_75_76_77.docx"
"72","16880_67_68_69_70_71_72_73_74_76.docx"
"72","16902_67_68_69_70_71_72_73_74_75_76_77.docx"
"72","16970_67_68_69_70_71_72_76.docx"
"72","16990_67_68_69_70_71_72_73_76.docx"
"72","17010_67_68_72.docx"
"72","17020_67_68_69_70_72_73_76.docx"
"72","17040_68_72.docx"
"72","17060_67_68_69_70_71_72_73_76.docx"
"72","17090_67_68_72_76_80.docx"
"72","17110_67_68_72.docx"
"72","17130_67_68_72_76.docx"
"72","17140_67_68_69_72_76.docx"
"72","17150_67_68_69_72.docx"
"72","17200_72_73_76_80.docx"
"72","17220_68_69_70_71_72_73_74_75_76_77_78.docx"
"73","16011_67_68_69_70_71_72_73_74_76_78.docx"
"73","16012_73_74_75_77_78.docx"
"73","16013_68_69_70_72_73_74_76.docx"
"73","16030_67_68_69_70_71_72_73_74_75_76_77_78.docx"
"73","16041_68_69_70_71_72_73_74_75_76_77_78.docx"
"73","16042_73_74_75_76_77_78.docx"
"73","16050_67_68_69_70_71_72_73_74_75_76_77_78_80.docx"
"73","16061_70_71_73_74_75_76_77_78.docx"
"73","16090_68_69_70_71_72_73_74_75_76_77_78.docx"
"73","16091_68_69_70_71_72_73_74_75_76.docx"
"73","16101_68_69_70_71_72_73_74_75_76_77.docx"
"73","16102_73_74_75_76_77.docx"
"73","16110_68_69_70_71_72_73_74_75_76_77_78_80.docx"
"73","16120_70_71_73_74.docx"
"73","16141_68_69_70_71_72_73_74_76_78.docx"
"73","16142_73_74_75_76_77_78.docx"
"73","16150_68_69_70_71_72_73_74_75_76_77_80.docx"
"73","16160_70_71_72_73_74_75_76_77_78_80.docx"
"73","16180_68_70_71_72_73_74_75_76_77_78.docx"
"73","16200_68_69_70_71_72_73_74_75_76_77_78.docx"
"73","16210_68_69_70_71_72_73_74_75_76_77.docx"
"73","16240_68_69_70_71_72_73_74_75_76_77_78.docx"
"73","16281_68_69_70_71_72_73_74_76.docx"
"73","16282_67_68_69_70_71_72_73_74_75_76_77.docx"
"73","16292_67_68_69_70_71_72_73_74_76.docx"
"73","16300_68_69_70_71_72_73_74_75_76_77_78.docx"
"73","16330_68_69_70_71_73_74_75_76_77_78.docx"
"73","16350_68_69_70_71_72_73_74_75_76_77_78.docx"
"73","16370_68_69_70_71_72_73_74_75_76_77_78_80.docx"
"73","16380_67_68_69_70_71_72_73_76.docx"
"73","16390_67_68_69_70_71_72_73_76.docx"
"73","16400_73_76_80.docx"
"73","16430_73_74_75_76_77_78.docx"
"73","16441_73_75_76_77_78_80.docx"
"73","16443_73_77_78.docx"
"73","16470_73_74_75_76_77_78_80.docx"
"73","16520_73_74_75_76_77_78_80.docx"
"73","16610_73_74_75_76_77_78_80.docx"
"73","16620_73_75_77_78.docx"
"73","16630_73_74_75_76_77_78.docx"
"73","16650_73_75_76_77_78_80.docx"
"73","16680_73_75_76_77_78_80.docx"
"73","16790_73_74_75_76_77_78_80.docx"
"73","16810_73_75_76_77_78.docx"
"73","16822_67_68_69_70_71_72_73_74_76.docx"
"73","16850_67_68_69_70_71_72_73_76.docx"
"73","16870_67_68_69_70_71_72_73_74_75_76_77.docx"
"73","16880_67_68_69_70_71_72_73_74_76.docx"
"73","16902_67_68_69_70_71_72_73_74_75_76_77.docx"
"73","16990_67_68_69_70_71_72_73_76.docx"
"73","17020_67_68_69_70_72_73_76.docx"
"73","17060_67_68_69_70_71_72_73_76.docx"
"73","17200_72_73_76_80.docx"
"73","17220_68_69_70_71_72_73_74_75_76_77_78.docx"
"74","16011_67_68_69_70_71_72_73_74_76_78.docx"
"74","16012_73_74_75_77_78.docx"
"74","16013_68_69_70_72_73_74_76.docx"
"74","16030_67_68_69_70_71_72_73_74_75_76_77_78.docx"
"74","16041_68_69_70_71_72_73_74_75_76_77_78.docx"
"74","16042_73_74_75_76_77_78.docx"
"74","16050_67_68_69_70_71_72_73_74_75_76_77_78_80.docx"
"74","16061_70_71_73_74_75_76_77_78.docx"
"74","16062_74.docx"
"74","16090_68_69_70_71_72_73_74_75_76_77_78.docx"
"74","16091_68_69_70_71_72_73_74_75_76.docx"
"74","16101_68_69_70_71_72_73_74_75_76_77.docx"
"74","16102_73_74_75_76_77.docx"
"74","16110_68_69_70_71_72_73_74_75_76_77_78_80.docx"
"74","16120_70_71_73_74.docx"
"74","16141_68_69_70_71_72_73_74_76_78.docx"
"74","16142_73_74_75_76_77_78.docx"
"74","16150_68_69_70_71_72_73_74_75_76_77_80.docx"
"74","16160_70_71_72_73_74_75_76_77_78_80.docx"
"74","16180_68_70_71_72_73_74_75_76_77_78.docx"
"74","16200_68_69_70_71_72_73_74_75_76_77_78.docx"
"74","16210_68_69_70_71_72_73_74_75_76_77.docx"
"74","16240_68_69_70_71_72_73_74_75_76_77_78.docx"
"74","16281_68_69_70_71_72_73_74_76.docx"
"74","16282_67_68_69_70_71_72_73_74_75_76_77.docx"
"74","16292_67_68_69_70_71_72_73_74_76.docx"
"74","16300_68_69_70_71_72_73_74_75_76_77_78.docx"
"74","16330_68_69_70_71_73_74_75_76_77_78.docx"
"74","16350_68_69_70_71_72_73_74_75_76_77_78.docx"
"74","16370_68_69_70_71_72_73_74_75_76_77_78_80.docx"
"74","16430_73_74_75_76_77_78.docx"
"74","16470_73_74_75_76_77_78_80.docx"
"74","16520_73_74_75_76_77_78_80.docx"
"74","16610_73_74_75_76_77_78_80.docx"
"74","16630_73_74_75_76_77_78.docx"
"74","16790_73_74_75_76_77_78_80.docx"
"74","16800_74_75_77_78.docx"
"74","16822_67_68_69_70_71_72_73_74_76.docx"
"74","16870_67_68_69_70_71_72_73_74_75_76_77.docx"
"74","16880_67_68_69_70_71_72_73_74_76.docx"
"74","16902_67_68_69_70_71_72_73_74_75_76_77.docx"
"74","17220_68_69_70_71_72_73_74_75_76_77_78.docx"
"76","16011_67_68_69_70_71_72_73_74_76_78.docx"
"76","16013_68_69_70_72_73_74_76.docx"
"76","16030_67_68_69_70_71_72_73_74_75_76_77_78.docx"
"76","16041_68_69_70_71_72_73_74_75_76_77_78.docx"
"76","16042_73_74_75_76_77_78.docx"
"76","16050_67_68_69_70_71_72_73_74_75_76_77_78_80.docx"
"76","16061_70_71_73_74_75_76_77_78.docx"
"76","16090_68_69_70_71_72_73_74_75_76_77_78.docx"
"76","16091_68_69_70_71_72_73_74_75_76.docx"
"76","16101_68_69_70_71_72_73_74_75_76_77.docx"
"76","16102_73_74_75_76_77.docx"
"76","16110_68_69_70_71_72_73_74_75_76_77_78_80.docx"
"76","16141_68_69_70_71_72_73_74_76_78.docx"
"76","16142_73_74_75_76_77_78.docx"
"76","16150_68_69_70_71_72_73_74_75_76_77_80.docx"
"76","16160_70_71_72_73_74_75_76_77_78_80.docx"
"76","16180_68_70_71_72_73_74_75_76_77_78.docx"
"76","16200_68_69_70_71_72_73_74_75_76_77_78.docx"
"76","16210_68_69_70_71_72_73_74_75_76_77.docx"
"76","16240_68_69_70_71_72_73_74_75_76_77_78.docx"
"76","16281_68_69_70_71_72_73_74_76.docx"
"76","16282_67_68_69_70_71_72_73_74_75_76_77.docx"
"76","16292_67_68_69_70_71_72_73_74_76.docx"
"76","16300_68_69_70_71_72_73_74_75_76_77_78.docx"
"76","16330_68_69_70_71_73_74_75_76_77_78.docx"
"76","16350_68_69_70_71_72_73_74_75_76_77_78.docx"
"76","16370_68_69_70_71_72_73_74_75_76_77_78_80.docx"
"76","16380_67_68_69_70_71_72_73_76.docx"
"76","16390_67_68_69_70_71_72_73_76.docx"
"76","16400_73_76_80.docx"
"76","16430_73_74_75_76_77_78.docx"
"76","16441_73_75_76_77_78_80.docx"
"76","16470_73_74_75_76_77_78_80.docx"
"76","16510_72_76_80.docx"
"76","16520_73_74_75_76_77_78_80.docx"
"76","16550_75_76_77_78_80.docx"
"76","16560_75_76_77_78.docx"
"76","16610_73_74_75_76_77_78_80.docx"
"76","16630_73_74_75_76_77_78.docx"
"76","16650_73_75_76_77_78_80.docx"
"76","16680_73_75_76_77_78_80.docx"
"76","16790_73_74_75_76_77_78_80.docx"
"76","16810_73_75_76_77_78.docx"
"76","16822_67_68_69_70_71_72_73_74_76.docx"
"76","16850_67_68_69_70_71_72_73_76.docx"
"76","16870_67_68_69_70_71_72_73_74_75_76_77.docx"
"76","16880_67_68_69_70_71_72_73_74_76.docx"
"76","16902_67_68_69_70_71_72_73_74_75_76_77.docx"
"76","16970_67_68_69_70_71_72_76.docx"
"76","16990_67_68_69_70_71_72_73_76.docx"
"76","17020_67_68_69_70_72_73_76.docx"
"76","17060_67_68_69_70_71_72_73_76.docx"
"76","17090_67_68_72_76_80.docx"
"76","17130_67_68_72_76.docx"
"76","17140_67_68_69_72_76.docx"
"76","17200_72_73_76_80.docx"
"76","17220_68_69_70_71_72_73_74_75_76_77_78.docx"
"78","16011_67_68_69_70_71_72_73_74_76_78.docx"
"78","16012_73_74_75_77_78.docx"
"78","16030_67_68_69_70_71_72_73_74_75_76_77_78.docx"
"78","16041_68_69_70_71_72_73_74_75_76_77_78.docx"
"78","16042_73_74_75_76_77_78.docx"
"78","16050_67_68_69_70_71_72_73_74_75_76_77_78_80.docx"
"78","16061_70_71_73_74_75_76_77_78.docx"
"78","16090_68_69_70_71_72_73_74_75_76_77_78.docx"
"78","16110_68_69_70_71_72_73_74_75_76_77_78_80.docx"
"78","16141_68_69_70_71_72_73_74_76_78.docx"
"78","16142_73_74_75_76_77_78.docx"
"78","16160_70_71_72_73_74_75_76_77_78_80.docx"
"78","16180_68_70_71_72_73_74_75_76_77_78.docx"
"78","16200_68_69_70_71_72_73_74_75_76_77_78.docx"
"78","16240_68_69_70_71_72_73_74_75_76_77_78.docx"
"78","16300_68_69_70_71_72_73_74_75_76_77_78.docx"
"78","16330_68_69_70_71_73_74_75_76_77_78.docx"
"78","16350_68_69_70_71_72_73_74_75_76_77_78.docx"
"78","16370_68_69_70_71_72_73_74_75_76_77_78_80.docx"
"78","16430_73_74_75_76_77_78.docx"
"78","16441_73_75_76_77_78_80.docx"
"78","16442_77_78.docx"
"78","16443_73_77_78.docx"
"78","16460_75_77_78.docx"
"78","16470_73_74_75_76_77_78_80.docx"
"78","16482_78.docx"
"78","16520_73_74_75_76_77_78_80.docx"
"78","16530_75_77_78.docx"
"78","16550_75_76_77_78_80.docx"
"78","16560_75_76_77_78.docx"
"78","16570_75_77_78.docx"
"78","16610_73_74_75_76_77_78_80.docx"
"78","16620_73_75_77_78.docx"
"78","16630_73_74_75_76_77_78.docx"
"78","16650_73_75_76_77_78_80.docx"
"78","16680_73_75_76_77_78_80.docx"
"78","16760_75_77_78.docx"
"78","16790_73_74_75_76_77_78_80.docx"
"78","16800_74_75_77_78.docx"
"78","16810_73_75_76_77_78.docx"
"78","17220_68_69_70_71_72_73_74_75_76_77_78.docx"
"75","16012_73_74_75_77_78.docx"
"75","16030_67_68_69_70_71_72_73_74_75_76_77_78.docx"
"75","16041_68_69_70_71_72_73_74_75_76_77_78.docx"
"75","16042_73_74_75_76_77_78.docx"
"75","16050_67_68_69_70_71_72_73_74_75_76_77_78_80.docx"
"75","16061_70_71_73_74_75_76_77_78.docx"
"75","16090_68_69_70_71_72_73_74_75_76_77_78.docx"
"75","16091_68_69_70_71_72_73_74_75_76.docx"
"75","16101_68_69_70_71_72_73_74_75_76_77.docx"
"75","16102_73_74_75_76_77.docx"
"75","16110_68_69_70_71_72_73_74_75_76_77_78_80.docx"
"75","16142_73_74_75_76_77_78.docx"
"75","16150_68_69_70_71_72_73_74_75_76_77_80.docx"
"75","16160_70_71_72_73_74_75_76_77_78_80.docx"
"75","16180_68_70_71_72_73_74_75_76_77_78.docx"
"75","16200_68_69_70_71_72_73_74_75_76_77_78.docx"
"75","16210_68_69_70_71_72_73_74_75_76_77.docx"
"75","16240_68_69_70_71_72_73_74_75_76_77_78.docx"
"75","16282_67_68_69_70_71_72_73_74_75_76_77.docx"
"75","16300_68_69_70_71_72_73_74_75_76_77_78.docx"
"75","16330_68_69_70_71_73_74_75_76_77_78.docx"
"75","16350_68_69_70_71_72_73_74_75_76_77_78.docx"
"75","16370_68_69_70_71_72_73_74_75_76_77_78_80.docx"
"75","16430_73_74_75_76_77_78.docx"
"75","16441_73_75_76_77_78_80.docx"
"75","16460_75_77_78.docx"
"75","16470_73_74_75_76_77_78_80.docx"
"75","16481_75_77.docx"
"75","16520_73_74_75_76_77_78_80.docx"
"75","16530_75_77_78.docx"
"75","16550_75_76_77_78_80.docx"
"75","16560_75_76_77_78.docx"
"75","16570_75_77_78.docx"
"75","16610_73_74_75_76_77_78_80.docx"
"75","16620_73_75_77_78.docx"
"75","16630_73_74_75_76_77_78.docx"
"75","16650_73_75_76_77_78_80.docx"
"75","16680_73_75_76_77_78_80.docx"
"75","16760_75_77_78.docx"
"75","16780_75_77.docx"
"75","16790_73_74_75_76_77_78_80.docx"
"75","16800_74_75_77_78.docx"
"75","16810_73_75_76_77_78.docx"
"75","16870_67_68_69_70_71_72_73_74_75_76_77.docx"
"75","16902_67_68_69_70_71_72_73_74_75_76_77.docx"
"75","17220_68_69_70_71_72_73_74_75_76_77_78.docx"
"77","16012_73_74_75_77_78.docx"
"77","16030_67_68_69_70_71_72_73_74_75_76_77_78.docx"
"77","16041_68_69_70_71_72_73_74_75_76_77_78.docx"
"77","16042_73_74_75_76_77_78.docx"
"77","16050_67_68_69_70_71_72_73_74_75_76_77_78_80.docx"
"77","16061_70_71_73_74_75_76_77_78.docx"
"77","16090_68_69_70_71_72_73_74_75_76_77_78.docx"
"77","16101_68_69_70_71_72_73_74_75_76_77.docx"
"77","16102_73_74_75_76_77.docx"
"77","16110_68_69_70_71_72_73_74_75_76_77_78_80.docx"
"77","16142_73_74_75_76_77_78.docx"
"77","16150_68_69_70_71_72_73_74_75_76_77_80.docx"
"77","16160_70_71_72_73_74_75_76_77_78_80.docx"
"77","16180_68_70_71_72_73_74_75_76_77_78.docx"
"77","16200_68_69_70_71_72_73_74_75_76_77_78.docx"
"77","16210_68_69_70_71_72_73_74_75_76_77.docx"
"77","16240_68_69_70_71_72_73_74_75_76_77_78.docx"
"77","16282_67_68_69_70_71_72_73_74_75_76_77.docx"
"77","16300_68_69_70_71_72_73_74_75_76_77_78.docx"
"77","16330_68_69_70_71_73_74_75_76_77_78.docx"
"77","16350_68_69_70_71_72_73_74_75_76_77_78.docx"
"77","16370_68_69_70_71_72_73_74_75_76_77_78_80.docx"
"77","16430_73_74_75_76_77_78.docx"
"77","16441_73_75_76_77_78_80.docx"
"77","16442_77_78.docx"
"77","16443_73_77_78.docx"
"77","16460_75_77_78.docx"
"77","16470_73_74_75_76_77_78_80.docx"
"77","16481_75_77.docx"
"77","16520_73_74_75_76_77_78_80.docx"
"77","16530_75_77_78.docx"
"77","16550_75_76_77_78_80.docx"
"77","16560_75_76_77_78.docx"
"77","16570_75_77_78.docx"
"77","16610_73_74_75_76_77_78_80.docx"
"77","16620_73_75_77_78.docx"
"77","16630_73_74_75_76_77_78.docx"
"77","16650_73_75_76_77_78_80.docx"
"77","16680_73_75_76_77_78_80.docx"
"77","16760_75_77_78.docx"
"77","16780_75_77.docx"
"77","16790_73_74_75_76_77_78_80.docx"
"77","16800_74_75_77_78.docx"
"77","16810_73_75_76_77_78.docx"
"77","16870_67_68_69_70_71_72_73_74_75_76_77.docx"
"77","16902_67_68_69_70_71_72_73_74_75_76_77.docx"
"77","17220_68_69_70_71_72_73_74_75_76_77_78.docx"
"80","16050_67_68_69_70_71_72_73_74_75_76_77_78_80.docx"
"80","16110_68_69_70_71_72_73_74_75_76_77_78_80.docx"
"80","16150_68_69_70_71_72_73_74_75_76_77_80.docx"
"80","16160_70_71_72_73_74_75_76_77_78_80.docx"
"80","16370_68_69_70_71_72_73_74_75_76_77_78_80.docx"
"80","16400_73_76_80.docx"
"80","16441_73_75_76_77_78_80.docx"
"80","16470_73_74_75_76_77_78_80.docx"
"80","16510_72_76_80.docx"
"80","16520_73_74_75_76_77_78_80.docx"
"80","16550_75_76_77_78_80.docx"
"80","16610_73_74_75_76_77_78_80.docx"
"80","16650_73_75_76_77_78_80.docx"
"80","16680_73_75_76_77_78_80.docx"
"80","16790_73_74_75_76_77_78_80.docx"
"80","17090_67_68_72_76_80.docx"
"80","17200_72_73_76_80.docx"
"79","18040_79.docx"
"79","18060_79.docx"
"79","18080_79.docx"
"79","18090_79.docx"
"79","18100_79.docx"
"79","18110_79.docx"
"79","18130_79.docx"
"79","18140_79.docx"
"79","18151_79.docx"
"79","18160_79.docx"
"79","18170_79.docx"
"79","18180_79.docx"
"79","18190_79.docx"
"79","18200_79.docx"
"79","18210_79.docx"
"79","18220_79.docx"
"79","18230_79.docx"
"79","18240_79.docx"
"79","18250_79.docx"
"79","18260_79.docx"
"79","18270_79.docx"
"79","18280_79.docx"
